,Rk,Team,G,MP,FG,FGA,FG%,3P,3PA,3P%,2P,2PA,2P%,FT,FTA,FT%,ORB,DRB,TRB,AST,STL,BLK,TOV,PF,PTS,SEASON,Rk_OPP,G_OPP,MP_OPP,FG_OPP,FGA_OPP,FG%_OPP,3P_OPP,3PA_OPP,3P%_OPP,2P_OPP,2PA_OPP,2P%_OPP,FT_OPP,FTA_OPP,FT%_OPP,ORB_OPP,DRB_OPP,TRB_OPP,AST_OPP,STL_OPP,BLK_OPP,TOV_OPP,PF_OPP,PTS_OPP,RANK,TEAM_ABBREVIATION,RECORD,PLAYERS_ACTIVE,AVG_AGE_TEAM,TOTAL_CAP_ALLOCATIONS,CAP_SPACE_ALL,ACTIVE,ACTIVE_TOP_3,DEAD_CAP,TEAM_ID,WINS
0,1.0,Sacramento Kings,82,241.8,43.6,88.2,0.494,13.8,37.3,0.369,29.8,50.9,0.586,19.8,25.1,0.79,9.5,32.9,42.5,27.3,7.0,3.4,13.5,19.7,120.7,2022,25.0,82,241.8,43.8,88.9,0.492,12.5,33.4,0.373,31.3,55.5,0.564,18.1,23.0,0.787,9.7,32.5,42.2,26.7,7.3,4.2,14.2,20.9,118.1,17.0,SAC,30-52,15.0,25.7,154815256.0,-31160256.0,134310467.0,69804053.0,2918699.0,1610612758.0,30.0
1,2.0,Golden State Warriors,82,241.8,43.1,90.2,0.479,16.6,43.2,0.385,26.5,47.0,0.564,16.0,20.2,0.794,10.5,34.1,44.6,29.8,7.2,3.9,16.3,21.4,118.9,2022,21.0,82,241.8,42.4,90.5,0.469,12.9,35.5,0.364,29.5,55.0,0.536,19.4,25.2,0.769,10.7,32.6,43.3,25.7,7.9,4.0,14.3,18.4,117.1,30.0,GSW,53-29,15.0,26.7,199320856.0,-75665856.0,188443947.0,122286864.0,58493.0,1610612744.0,53.0
2,3.0,Atlanta Hawks,82,242.1,44.6,92.4,0.483,10.8,30.5,0.352,33.9,61.8,0.548,18.5,22.6,0.818,11.2,33.2,44.4,25.0,7.1,4.9,12.9,18.8,118.4,2022,26.0,82,242.1,43.8,90.2,0.486,11.9,33.5,0.356,31.9,56.7,0.562,18.6,23.2,0.803,10.6,33.5,44.1,26.0,7.5,5.0,14.2,19.7,118.1,9.0,ATL,43-39,15.0,24.1,149133740.0,-25478740.0,149028218.0,79303397.0,105522.0,1610612737.0,43.0
3,4.0,Boston Celtics,82,243.7,42.2,88.8,0.475,16.0,42.6,0.377,26.2,46.2,0.567,17.5,21.6,0.812,9.7,35.6,45.3,26.7,6.4,5.2,13.4,18.8,117.9,2022,4.0,82,243.7,41.8,90.2,0.463,11.6,33.7,0.345,30.1,56.5,0.534,16.2,21.1,0.769,9.7,34.3,44.0,23.1,6.6,3.9,12.7,19.1,111.4,24.0,BOS,51-31,15.0,27.2,176795764.0,-53140764.0,176702907.0,86628565.0,92857.0,1610612738.0,51.0
4,5.0,Oklahoma City Thunder,82,242.1,43.1,92.6,0.465,12.1,34.1,0.356,31.0,58.5,0.53,19.2,23.7,0.809,11.4,32.3,43.6,24.4,8.2,4.2,13.0,21.0,117.5,2022,19.0,82,242.1,41.9,88.4,0.474,12.9,36.0,0.358,29.0,52.4,0.553,19.6,25.5,0.771,12.0,34.6,46.6,25.9,7.0,5.5,16.8,20.4,116.4,18.0,OKC,24-58,15.0,22.6,155437627.0,-31782627.0,98156672.0,56082768.0,50332843.0,1610612760.0,24.0
5,6.0,Los Angeles Lakers,82,242.4,42.9,89.0,0.482,10.8,31.2,0.346,32.1,57.8,0.555,20.6,26.6,0.775,10.0,35.7,45.7,25.3,6.4,4.6,14.1,17.9,117.2,2022,20.0,82,242.4,44.0,93.9,0.469,12.5,36.5,0.344,31.5,57.4,0.548,16.1,20.8,0.773,11.1,33.8,44.9,25.7,7.6,5.1,12.6,21.5,116.6,25.0,LAL,33-49,15.0,25.8,180067292.0,-56412292.0,164962692.0,113833458.0,2450094.0,1610612747.0,33.0
6,7.0,Utah Jazz,82,241.5,42.5,89.8,0.473,13.3,37.8,0.353,29.2,52.0,0.56,18.7,23.8,0.786,11.8,34.1,45.9,26.0,6.1,5.2,15.4,20.5,117.1,2022,24.0,82,241.5,43.4,91.6,0.473,12.5,34.5,0.361,30.9,57.1,0.54,18.8,24.3,0.776,11.2,32.2,43.5,25.0,7.8,4.9,12.6,20.5,118.0,8.0,UTA,49-33,15.0,25.5,147162541.0,-23507541.0,92962689.0,46315454.0,54199852.0,1610612762.0,49.0
7,8.0,Memphis Grizzlies,82,241.2,43.7,92.1,0.475,12.0,34.2,0.351,31.7,57.9,0.548,17.5,23.8,0.733,12.0,34.6,46.6,26.0,8.3,5.8,13.6,20.0,116.9,2022,11.0,82,241.2,40.7,89.8,0.453,13.0,36.6,0.355,27.7,53.3,0.521,18.5,23.5,0.787,11.0,33.4,44.4,26.4,6.8,5.2,15.1,20.0,113.0,4.0,MEM,56-26,15.0,23.8,127756781.0,-4101781.0,123017190.0,61873434.0,3101625.0,1610612763.0,56.0
8,9.0,Milwaukee Bucks,82,241.8,42.7,90.4,0.473,14.8,40.3,0.368,27.9,50.1,0.557,16.6,22.4,0.743,11.1,37.5,48.6,25.8,6.4,4.9,14.6,18.1,116.9,2022,14.0,82,241.8,42.5,93.2,0.456,12.1,34.1,0.354,30.4,59.1,0.514,16.3,21.0,0.776,10.7,33.5,44.2,23.9,7.0,3.9,11.8,19.0,113.3,27.0,MIL,51-31,15.0,29.7,181849255.0,-58194255.0,179802121.0,114760248.0,211044.0,1610612749.0,51.0
9,10.0,Indiana Pacers,82,240.9,42.0,89.6,0.469,13.6,37.0,0.367,28.4,52.6,0.54,18.7,23.7,0.79,10.1,31.4,41.5,27.0,7.7,5.8,14.9,21.2,116.3,2022,29.0,82,240.9,43.3,89.3,0.485,12.4,33.3,0.373,30.9,56.0,0.551,20.5,25.6,0.8,12.1,33.2,45.3,26.4,7.9,5.3,15.1,20.2,119.5,2.0,IND,25-57,15.0,25.8,122145349.0,1509651.0,110310554.0,64941619.0,11834795.0,1610612754.0,25.0
10,11.0,New York Knicks,82,243.4,42.0,89.4,0.47,12.6,35.7,0.354,29.4,53.6,0.547,19.4,25.5,0.761,12.6,34.0,46.6,22.9,6.4,4.1,13.0,20.3,116.0,2022,12.0,82,243.4,40.8,88.2,0.462,13.0,36.5,0.357,27.7,51.7,0.537,18.5,23.7,0.782,10.1,31.9,42.0,25.1,6.0,4.5,12.7,20.7,113.1,11.0,NYK,37-45,15.0,24.7,150263571.0,-26608571.0,149994034.0,71869332.0,269537.0,1610612752.0,37.0
11,12.0,Denver Nuggets,82,240.9,43.6,86.4,0.504,11.8,31.2,0.379,31.8,55.2,0.575,16.8,22.4,0.751,10.1,32.9,43.0,28.9,7.5,4.5,14.5,18.6,115.8,2022,8.0,82,240.9,41.7,87.4,0.478,11.4,33.1,0.344,30.4,54.3,0.559,17.6,22.7,0.775,10.1,30.7,40.8,25.7,7.9,4.2,13.5,19.5,112.5,21.0,DEN,48-34,15.0,26.8,169601210.0,-45946210.0,160688004.0,96181120.0,0.0,1610612743.0,48.0
12,13.0,Minnesota Timberwolves,82,241.8,42.9,87.4,0.49,12.2,33.3,0.365,30.7,54.1,0.568,17.9,23.7,0.755,9.1,32.8,41.9,26.2,8.0,5.4,15.3,21.6,115.8,2022,18.0,82,241.8,41.8,88.7,0.471,12.3,33.3,0.369,29.5,55.5,0.532,19.9,26.0,0.766,11.3,33.3,44.7,25.0,8.2,4.1,15.4,20.2,115.8,22.0,MIN,46-36,15.0,25.5,174906722.0,-51251722.0,141488618.0,94685814.0,1836090.0,1610612750.0,46.0
13,14.0,Philadelphia 76ers,82,242.4,40.8,83.8,0.487,12.6,32.6,0.387,28.2,51.2,0.551,21.0,25.1,0.835,8.7,32.2,40.9,25.2,7.7,4.7,13.7,20.4,115.2,2022,3.0,82,242.4,40.4,85.4,0.473,11.6,33.4,0.348,28.8,52.1,0.553,18.5,23.7,0.781,9.5,31.6,41.2,24.2,6.6,4.6,14.3,19.6,110.9,19.0,PHI,51-31,15.0,27.1,164391836.0,-40736836.0,149166783.0,104249820.0,404742.0,1610612755.0,51.0
14,15.0,New Orleans Pelicans,82,242.1,42.0,87.6,0.48,11.0,30.1,0.364,31.1,57.5,0.541,19.3,24.4,0.793,10.6,33.1,43.7,25.9,8.3,4.1,14.6,20.5,114.4,2022,10.0,82,242.1,40.9,86.6,0.472,12.2,36.0,0.339,28.7,50.6,0.567,18.4,23.6,0.779,9.7,32.1,41.8,24.9,7.3,4.7,15.0,20.4,112.5,15.0,NOP,36-46,15.0,25.4,154090191.0,-30435191.0,147340203.0,79683933.0,0.0,1610612740.0,36.0
15,16.0,Dallas Mavericks,82,243.0,40.0,84.3,0.475,15.2,41.0,0.371,24.8,43.3,0.574,19.0,25.1,0.755,7.6,31.2,38.8,22.9,6.3,3.7,12.2,20.7,114.2,2022,16.0,82,243.0,41.8,86.2,0.485,11.1,31.7,0.352,30.6,54.5,0.562,19.5,25.0,0.781,10.1,34.6,44.7,24.9,6.4,3.8,13.1,21.8,114.1,26.0,DAL,52-30,15.0,27.8,180090371.0,-56435371.0,172025683.0,95759580.0,1360055.0,1610612742.0,52.0
16,17.0,Phoenix Suns,82,241.2,42.1,90.1,0.467,12.2,32.6,0.374,29.9,57.5,0.52,17.2,21.7,0.793,11.8,32.4,44.2,27.3,7.1,5.3,13.5,21.2,113.6,2022,6.0,82,241.2,40.0,85.9,0.466,11.4,32.0,0.357,28.6,53.9,0.53,20.1,25.6,0.786,10.2,32.6,42.9,23.4,7.2,4.0,14.4,19.9,111.6,23.0,PHX,64-18,15.0,28.1,175806777.0,-52151777.0,172121677.0,108871995.0,211044.0,1610612756.0,64.0
17,18.0,Los Angeles Clippers,82,241.8,41.1,86.1,0.477,12.7,33.4,0.381,28.4,52.7,0.539,18.7,23.9,0.781,9.8,33.4,43.2,23.9,7.1,4.4,14.2,19.5,113.6,2022,13.0,82,241.8,41.8,88.3,0.474,12.2,33.4,0.365,29.6,54.9,0.539,17.2,22.3,0.771,10.2,32.9,43.1,25.0,7.8,4.2,13.0,19.6,113.1,29.0,LAC,42-40,15.0,28.4,193025318.0,-69370318.0,191189228.0,104553344.0,0.0,1610612746.0,42.0
18,19.0,Portland Trail Blazers,82,240.6,40.5,85.4,0.474,12.9,35.3,0.365,27.6,50.1,0.55,19.6,24.6,0.796,9.4,31.1,40.5,24.2,6.7,4.6,14.5,20.0,113.4,2022,23.0,82,240.6,43.0,87.5,0.491,12.5,33.1,0.379,30.4,54.4,0.559,19.0,24.1,0.787,10.5,32.8,43.2,27.0,7.8,4.3,13.5,20.5,117.4,12.0,POR,27-55,15.0,23.5,151480955.0,-27825955.0,136161044.0,85768921.0,8371799.0,1610612757.0,27.0
19,20.0,Brooklyn Nets,82,240.6,41.5,85.1,0.487,12.8,33.8,0.378,28.7,51.3,0.559,17.7,22.1,0.8,8.2,32.3,40.5,25.5,7.1,6.2,13.7,21.1,113.4,2022,9.0,82,240.6,41.0,88.5,0.463,11.8,32.2,0.367,29.2,56.3,0.518,18.7,24.4,0.767,11.5,33.6,45.1,23.4,7.0,3.9,13.7,18.5,112.5,20.0,BKN,44-38,15.0,26.7,164774911.0,-41119911.0,155025075.0,75948672.0,4241566.0,1610612751.0,44.0
20,21.0,Washington Wizards,82,240.9,42.1,86.9,0.485,11.3,31.7,0.356,30.9,55.2,0.559,17.6,22.4,0.785,9.4,34.2,43.6,25.4,6.8,5.2,14.1,18.8,113.2,2022,17.0,82,240.9,42.5,89.8,0.473,12.0,32.8,0.366,30.5,57.0,0.534,17.5,21.9,0.798,10.8,32.3,43.0,24.8,7.1,5.0,12.3,19.4,114.4,28.0,WAS,35-47,15.0,26.1,183801576.0,-60146576.0,133790093.0,90112650.0,16216114.0,1610612764.0,35.0
21,22.0,Chicago Bulls,82,242.7,42.5,86.8,0.49,10.4,28.9,0.361,32.1,57.9,0.555,17.6,21.8,0.809,8.5,33.9,42.4,24.5,7.9,4.5,13.4,18.9,113.1,2022,7.0,82,242.7,40.7,87.1,0.468,13.2,37.1,0.357,27.5,50.0,0.55,17.1,22.0,0.779,9.6,33.7,43.3,26.0,6.7,4.7,15.0,18.7,111.8,14.0,CHI,46-36,15.0,25.8,153093665.0,-29438665.0,145549077.0,86396500.0,3872408.0,1610612741.0,46.0
22,23.0,San Antonio Spurs,82,242.1,43.1,92.6,0.465,11.1,32.2,0.345,32.0,60.4,0.529,15.8,21.2,0.743,11.8,31.9,43.7,27.2,7.0,3.9,15.3,19.9,113.0,2022,30.0,82,242.1,46.1,91.0,0.507,12.6,32.3,0.391,33.5,58.6,0.571,18.2,23.7,0.77,10.7,34.3,45.0,26.8,8.1,5.3,13.8,18.5,123.1,1.0,SAS,34-48,15.0,23.9,101649048.0,22005952.0,70878022.0,32650000.0,30771026.0,1610612759.0,34.0
23,24.0,Toronto Raptors,82,241.5,41.9,91.3,0.459,10.7,32.0,0.335,31.1,59.3,0.525,18.4,23.4,0.784,12.7,30.3,43.0,23.9,9.4,5.2,11.7,20.0,112.9,2022,5.0,82,241.5,40.4,82.3,0.491,12.2,32.6,0.374,28.2,49.7,0.567,18.4,23.1,0.797,9.2,33.0,42.3,26.2,6.0,4.6,16.7,19.6,111.4,10.0,TOR,48-34,15.0,26.1,149260166.0,-25605166.0,144096592.0,74055815.0,5163574.0,1610612761.0,48.0
24,25.0,Cleveland Cavaliers,82,242.4,41.6,85.2,0.488,11.6,31.6,0.367,30.0,53.6,0.559,17.5,22.5,0.78,9.7,31.4,41.1,24.9,7.1,4.7,13.3,19.0,112.3,2022,1.0,82,242.4,39.0,83.5,0.468,11.3,30.6,0.368,27.8,52.9,0.525,17.5,22.4,0.782,9.8,31.5,41.2,23.0,7.0,4.4,15.7,20.4,106.9,16.0,CLE,44-38,15.0,26.7,154561446.0,-30906446.0,121702948.0,69710046.0,27548352.0,1610612739.0,44.0
25,26.0,Orlando Magic,82,241.2,40.5,86.3,0.47,10.8,31.1,0.346,29.8,55.2,0.539,19.6,25.0,0.784,10.2,33.1,43.2,23.2,7.4,4.7,15.1,20.1,111.4,2022,15.0,82,241.2,41.3,86.9,0.476,13.0,37.0,0.351,28.4,50.0,0.567,18.3,23.0,0.796,9.5,32.5,42.0,25.9,7.7,5.1,14.7,20.5,114.0,6.0,ORL,22-60,15.0,23.7,139801010.0,-16146010.0,99161703.0,48050000.0,25994324.0,1610612753.0,22.0
26,27.0,Charlotte Hornets,82,241.8,41.3,90.4,0.457,10.7,32.5,0.33,30.5,57.9,0.528,17.6,23.6,0.749,11.0,33.5,44.5,25.1,7.7,5.2,14.2,20.3,111.0,2022,22.0,82,241.8,43.0,90.1,0.477,12.2,34.3,0.357,30.7,55.8,0.55,19.0,24.0,0.795,10.9,35.3,46.2,25.9,7.0,5.7,14.4,20.3,117.2,7.0,CHA,43-39,15.0,24.1,146049640.0,-22394640.0,104845190.0,64161316.0,19827949.0,1610612766.0,43.0
27,28.0,Houston Rockets,82,240.9,40.6,88.9,0.457,10.4,31.9,0.327,30.2,56.9,0.53,19.1,25.3,0.754,13.4,32.9,46.3,22.4,7.3,4.6,16.2,20.5,110.7,2022,28.0,82,240.9,42.4,88.1,0.482,14.5,38.8,0.374,27.9,49.3,0.567,19.2,24.2,0.794,10.5,31.0,41.5,26.1,8.8,6.2,13.2,20.6,118.6,5.0,HOU,20-62,15.0,23.9,138296534.0,-14641534.0,48379407.0,25389697.0,88279161.0,1610612745.0,20.0
28,29.0,Detroit Pistons,82,241.5,39.6,87.1,0.454,11.4,32.4,0.351,28.2,54.6,0.516,19.8,25.7,0.771,11.2,31.3,42.4,23.0,7.0,3.8,15.1,22.1,110.3,2022,27.0,82,241.5,43.1,88.1,0.489,12.0,33.3,0.36,31.1,54.8,0.568,20.4,26.2,0.777,11.0,33.7,44.7,25.8,7.7,5.5,13.5,21.0,118.5,3.0,DET,23-59,15.0,24.2,127673493.0,-4018493.0,97376476.0,42602800.0,30297017.0,1610612765.0,23.0
29,30.0,Miami Heat,82,241.5,39.2,85.3,0.46,12.0,34.8,0.344,27.3,50.5,0.54,19.1,23.0,0.831,9.7,30.9,40.6,23.8,8.0,3.0,13.5,18.5,109.5,2022,2.0,82,241.5,40.1,83.2,0.482,13.1,35.8,0.367,27.0,47.4,0.569,16.5,21.1,0.781,8.9,33.0,41.8,25.6,7.0,3.8,15.7,20.0,109.8,13.0,MIA,53-29,15.0,27.9,152766041.0,-29111041.0,149035368.0,96338414.0,58493.0,1610612748.0,53.0
30,1.0,Indiana Pacers,82,240.3,47.0,92.7,0.507,13.2,35.3,0.374,33.8,57.4,0.589,16.1,20.5,0.782,10.1,31.4,41.5,30.8,7.7,5.9,12.9,21.4,123.3,2023,27.0,82,240.3,44.5,89.8,0.496,10.7,29.3,0.365,33.9,60.5,0.56,20.5,26.0,0.787,11.0,32.4,43.4,24.6,6.6,5.4,13.9,18.3,120.2,7.0,IND,35-47,15.0,25.1,146679278.0,-10658278.0,127076533.0,72868408.0,17800976.0,1610612754.0,35.0
31,2.0,Boston Celtics,82,241.8,43.9,90.2,0.487,16.5,42.5,0.388,27.4,47.7,0.575,16.3,20.2,0.807,10.7,35.6,46.3,26.9,6.8,6.6,11.9,16.2,120.6,2023,5.0,82,241.8,41.5,91.6,0.453,12.9,36.7,0.352,28.6,55.0,0.52,13.3,17.3,0.768,11.1,32.3,43.3,24.9,6.2,3.7,12.0,17.3,109.2,25.0,BOS,57-25,15.0,26.1,188759360.0,-52738360.0,184845028.0,106236607.0,92857.0,1610612738.0,57.0
32,3.0,Oklahoma City Thunder,82,241.5,44.5,89.3,0.499,13.3,34.2,0.389,31.3,55.1,0.567,17.7,21.5,0.825,8.8,33.2,42.0,27.1,8.5,6.6,12.7,18.8,120.1,2023,11.0,82,241.5,40.6,89.3,0.455,13.4,37.2,0.361,27.2,52.1,0.522,18.1,22.9,0.789,11.8,32.9,44.7,26.9,7.1,5.1,15.7,18.9,112.7,11.0,OKC,40-42,15.0,24.7,160502705.0,-24481705.0,127645232.0,81984025.0,32857473.0,1610612760.0,40.0
33,4.0,Milwaukee Bucks,82,241.5,43.1,88.5,0.487,14.2,38.1,0.373,29.0,50.4,0.574,18.5,23.9,0.774,9.4,34.8,44.2,26.5,6.8,5.0,12.9,19.2,119.0,2023,21.0,82,241.5,43.2,91.9,0.47,12.6,35.3,0.356,30.6,56.6,0.541,17.4,21.5,0.807,10.3,33.7,44.0,26.5,7.1,4.2,12.0,19.2,116.4,24.0,MIL,58-24,15.0,27.9,188285708.0,-52264708.0,182226590.0,120601156.0,0.0,1610612749.0,58.0
34,5.0,Atlanta Hawks,82,242.1,43.0,92.5,0.465,13.7,37.7,0.364,29.3,54.8,0.535,18.5,23.2,0.797,12.5,32.2,44.7,26.6,7.5,4.5,13.5,18.6,118.3,2023,28.0,82,242.1,44.6,90.2,0.495,14.0,36.4,0.384,30.6,53.7,0.57,17.3,21.8,0.792,10.6,33.6,44.2,28.2,7.8,5.6,14.1,19.4,120.5,9.0,ATL,41-41,15.0,25.3,156139798.0,-20118798.0,149336848.0,80769506.0,6802950.0,1610612737.0,41.0
35,6.0,Los Angeles Lakers,82,242.1,43.7,87.5,0.499,11.8,31.4,0.377,31.8,56.2,0.567,18.9,24.2,0.782,8.2,34.9,43.1,28.5,7.4,5.5,14.0,15.6,118.0,2023,23.0,82,242.1,44.4,93.7,0.474,14.3,37.9,0.376,30.2,55.8,0.54,14.3,18.0,0.795,10.9,33.2,44.0,28.2,8.2,4.8,13.4,19.7,117.4,22.0,LAL,43-39,15.0,25.9,181975999.0,-45954999.0,168055994.0,105515123.0,0.0,1610612747.0,43.0
36,7.0,Dallas Mavericks,82,240.3,43.1,89.7,0.481,14.6,39.5,0.369,28.5,50.1,0.569,17.0,22.5,0.758,9.7,33.2,42.9,25.7,6.9,5.0,12.5,18.3,117.9,2023,20.0,82,240.3,43.0,90.4,0.475,13.1,35.6,0.368,29.8,54.8,0.545,16.6,21.6,0.77,10.9,34.1,45.1,27.5,7.4,4.0,13.7,20.3,115.6,18.0,DAL,38-44,15.0,25.6,175321021.0,-39300021.0,162282786.0,95998985.0,2348324.0,1610612742.0,38.0
37,8.0,Golden State Warriors,82,241.8,43.7,91.6,0.477,14.8,38.9,0.38,28.9,52.7,0.548,15.6,20.0,0.78,12.1,34.6,46.7,29.3,7.0,4.6,14.3,19.5,117.8,2023,18.0,82,241.8,42.1,90.4,0.466,13.3,37.0,0.359,28.8,53.5,0.539,17.7,22.4,0.788,10.9,32.0,42.9,26.7,7.7,5.0,13.0,17.9,115.2,30.0,GSW,44-38,15.0,26.9,224848124.0,-88827124.0,206814776.0,125935055.0,0.0,1610612744.0,44.0
38,9.0,Sacramento Kings,82,242.1,43.3,90.9,0.477,14.4,39.3,0.366,29.0,51.7,0.561,15.5,20.9,0.745,10.8,33.2,44.0,28.3,7.6,4.2,13.1,19.9,116.6,2023,17.0,82,242.1,41.6,86.8,0.48,13.1,33.8,0.387,28.5,52.9,0.539,18.5,23.1,0.8,9.1,33.4,42.5,26.9,7.4,4.5,13.9,18.3,114.8,8.0,SAC,48-34,15.0,26.2,148693550.0,-12672550.0,145124481.0,78900060.0,3569069.0,1610612758.0,48.0
39,10.0,Phoenix Suns,82,241.2,42.5,86.1,0.493,12.4,32.6,0.382,30.0,53.6,0.561,18.9,23.4,0.808,10.1,33.9,44.1,27.0,7.4,6.0,14.9,18.0,116.2,2023,14.0,82,241.2,42.0,90.6,0.464,13.1,36.0,0.364,28.9,54.6,0.529,16.1,20.8,0.774,11.0,30.4,41.3,26.3,8.4,4.5,12.7,19.7,113.2,27.0,PHX,45-37,16.0,28.3,195220617.0,-59199617.0,188290459.0,130407223.0,3040870.0,1610612756.0,45.0
40,11.0,Utah Jazz,82,241.5,42.0,89.9,0.467,12.9,36.5,0.354,29.1,53.4,0.544,18.8,22.6,0.83,12.2,33.2,45.5,27.2,6.5,5.6,15.7,18.6,115.7,2023,29.0,82,241.5,44.6,91.6,0.487,14.8,37.4,0.395,29.8,54.1,0.55,16.6,21.6,0.771,11.0,31.3,42.2,29.8,8.6,6.4,12.3,19.2,120.5,1.0,UTA,37-45,15.0,23.8,131757411.0,4263589.0,123547474.0,66352629.0,8209937.0,1610612762.0,37.0
41,12.0,Los Angeles Clippers,82,240.3,42.4,86.7,0.489,12.6,33.2,0.381,29.7,53.5,0.555,18.3,22.2,0.825,10.0,32.9,43.0,25.6,7.8,5.0,13.1,18.5,115.6,2023,10.0,82,240.3,41.6,88.9,0.468,12.9,35.4,0.363,28.8,53.5,0.538,16.2,21.0,0.775,11.1,31.1,42.2,26.4,7.3,4.7,13.0,18.7,112.3,29.0,LAC,44-38,15.0,28.4,202080521.0,-66059521.0,198296474.0,126960763.0,1764341.0,1610612746.0,44.0
42,13.0,New Orleans Pelicans,82,240.3,42.5,87.4,0.486,12.5,32.6,0.383,30.0,54.8,0.548,17.6,22.8,0.771,10.4,33.6,44.0,27.0,8.3,4.6,13.0,18.4,115.1,2023,8.0,82,240.3,40.5,87.3,0.464,13.5,38.7,0.349,26.9,48.5,0.555,16.2,20.7,0.783,10.1,32.2,42.3,26.8,6.5,5.2,14.2,18.4,110.7,19.0,NOP,42-40,15.0,25.7,176969502.0,-40948502.0,164656924.0,103641119.0,244761.0,1610612740.0,42.0
43,14.0,Denver Nuggets,82,240.3,44.0,88.8,0.496,11.7,31.2,0.374,32.3,57.5,0.562,15.1,19.9,0.762,10.7,33.7,44.4,29.5,7.1,5.6,12.6,18.2,114.9,2023,6.0,82,240.3,40.6,87.9,0.462,11.2,31.5,0.355,29.4,56.4,0.522,17.1,22.2,0.772,10.9,31.4,42.3,25.7,7.0,4.8,12.4,17.9,109.6,23.0,DEN,53-29,15.0,26.3,184751085.0,-48730085.0,176890198.0,114827600.0,0.0,1610612743.0,53.0
44,15.0,Philadelphia 76ers,82,241.2,41.5,89.4,0.464,12.1,33.3,0.363,29.4,56.1,0.525,19.5,23.6,0.826,11.0,31.9,43.0,24.9,8.5,6.0,12.0,20.3,114.6,2023,9.0,82,241.2,40.5,86.6,0.468,11.9,33.7,0.354,28.6,52.8,0.541,18.6,23.5,0.791,11.0,33.4,44.5,26.1,6.2,6.1,14.6,18.5,111.5,21.0,PHI,54-28,15.0,27.6,181909301.0,-45888301.0,161970318.0,106722598.0,2567931.0,1610612755.0,54.0
45,16.0,Houston Rockets,82,242.1,41.8,91.0,0.459,12.7,36.1,0.352,29.0,54.8,0.53,18.1,23.4,0.773,11.5,34.0,45.5,24.8,7.8,4.6,12.7,20.8,114.3,2023,13.0,82,242.1,40.8,88.1,0.463,12.3,35.4,0.348,28.4,52.7,0.54,19.3,25.2,0.767,10.7,34.2,44.9,24.4,7.3,5.9,13.8,19.6,113.2,6.0,HOU,22-60,15.0,26.2,145302009.0,-9281009.0,143402009.0,76033971.0,1900000.0,1610612745.0,22.0
46,17.0,Washington Wizards,82,240.6,43.0,91.4,0.47,12.4,35.5,0.348,30.6,55.8,0.548,15.4,20.2,0.764,9.2,31.9,41.1,27.9,7.6,5.1,14.0,20.0,113.7,2023,30.0,82,240.6,46.1,92.9,0.496,12.3,33.9,0.362,33.8,59.0,0.573,18.6,24.0,0.777,12.1,36.8,48.9,29.0,8.0,6.0,14.0,18.0,123.0,26.0,WAS,35-47,15.0,24.3,189901033.0,-53880033.0,132379717.0,67023539.0,15838877.0,1610612764.0,35.0
47,18.0,Minnesota Timberwolves,82,241.5,41.3,85.0,0.485,12.6,32.7,0.387,28.6,52.4,0.546,17.8,22.9,0.777,9.4,34.2,43.6,26.6,7.9,6.1,14.2,18.8,113.0,2023,1.0,82,241.5,39.0,86.8,0.45,11.4,32.3,0.354,27.6,54.5,0.506,17.1,21.9,0.781,10.3,31.2,41.4,24.5,7.5,4.5,14.2,19.9,106.5,28.0,MIN,42-40,15.0,25.6,198497741.0,-62476741.0,164180564.0,101376200.0,348225.0,1610612750.0,42.0
48,19.0,New York Knicks,82,240.6,41.3,88.7,0.465,13.2,35.8,0.369,28.1,52.9,0.531,17.0,21.8,0.78,12.7,32.5,45.2,24.4,7.5,4.1,13.2,17.6,112.8,2023,2.0,82,240.6,40.3,85.7,0.47,12.5,34.3,0.365,27.8,51.4,0.54,15.1,19.8,0.764,10.2,30.4,40.6,25.6,6.7,5.3,13.2,19.1,108.2,13.0,NYK,47-35,15.0,26.4,162956334.0,-26935334.0,160343147.0,73290506.0,2613187.0,1610612752.0,47.0
49,20.0,Cleveland Cavaliers,82,241.5,41.8,87.2,0.479,13.5,36.8,0.367,28.3,50.4,0.561,15.6,20.4,0.765,9.8,33.4,43.3,28.0,7.4,4.6,13.6,17.5,112.6,2023,7.0,82,241.5,40.5,87.5,0.463,12.5,33.8,0.371,28.0,53.7,0.521,16.6,21.0,0.791,10.0,32.6,42.7,25.3,7.7,5.0,13.6,18.7,110.2,16.0,CLE,51-31,15.0,26.1,168250835.0,-32229835.0,160092854.0,87167280.0,4118569.0,1610612739.0,51.0
50,21.0,Toronto Raptors,82,241.5,42.3,89.7,0.471,11.5,33.1,0.347,30.8,56.6,0.543,16.3,21.6,0.756,10.9,31.8,42.7,28.5,7.7,4.7,14.0,18.4,112.4,2023,25.0,82,241.5,44.7,91.2,0.491,13.7,36.3,0.376,31.1,54.8,0.567,15.6,19.8,0.789,11.2,34.0,45.2,28.6,7.3,5.8,13.9,18.1,118.8,12.0,TOR,41-41,15.0,25.9,161887358.0,-25866358.0,138558316.0,65383929.0,21309336.0,1610612761.0,41.0
51,22.0,Chicago Bulls,82,243.7,42.0,89.5,0.47,11.5,32.1,0.358,30.6,57.4,0.532,16.7,21.1,0.791,11.2,32.6,43.8,25.0,7.8,4.8,12.2,18.8,112.3,2023,16.0,82,243.7,41.1,87.0,0.473,14.6,39.5,0.37,26.5,47.5,0.558,16.9,21.8,0.776,10.1,33.3,43.4,27.9,6.8,4.9,14.0,18.8,113.7,15.0,CHI,40-42,15.0,26.3,166348969.0,-30327969.0,162193482.0,89129337.0,2135781.0,1610612741.0,40.0
52,23.0,San Antonio Spurs,82,241.8,41.9,90.7,0.462,12.6,36.4,0.347,29.3,54.3,0.539,15.6,20.0,0.782,10.4,33.9,44.2,29.9,7.1,6.3,15.1,17.2,112.1,2023,24.0,82,241.8,44.9,92.3,0.487,12.7,34.0,0.373,32.2,58.3,0.553,16.0,20.5,0.784,10.5,34.8,45.3,28.0,8.9,4.6,13.4,17.9,118.6,4.0,SAS,22-60,15.0,22.9,140908582.0,-4887582.0,94551623.0,44260680.0,46356959.0,1610612759.0,22.0
53,24.0,Orlando Magic,82,241.2,40.5,84.9,0.476,11.0,31.3,0.352,29.5,53.6,0.549,18.5,24.4,0.759,10.5,31.8,42.3,24.7,8.2,5.2,14.7,19.7,110.5,2023,3.0,82,241.2,39.8,84.0,0.474,11.5,32.1,0.358,28.3,51.8,0.546,17.3,22.2,0.78,8.9,30.9,39.9,23.9,8.1,4.6,15.0,20.9,108.4,3.0,ORL,34-48,15.0,24.6,139355784.0,-3334784.0,130964229.0,47450000.0,0.0,1610612753.0,34.0
54,25.0,Brooklyn Nets,82,241.5,40.7,89.1,0.456,13.3,36.7,0.362,27.4,52.4,0.522,15.8,20.9,0.756,11.4,32.6,44.1,25.6,6.8,5.2,13.1,18.5,110.4,2023,15.0,82,241.5,41.6,88.5,0.47,13.0,34.9,0.372,28.6,53.5,0.534,17.1,21.2,0.807,10.3,34.0,44.3,25.5,6.9,5.0,12.6,18.2,113.3,10.0,BKN,45-37,15.0,24.3,157982129.0,-21961129.0,139773430.0,84049930.0,11947602.0,1610612751.0,45.0
55,26.0,Miami Heat,82,240.9,39.8,85.6,0.465,12.5,33.7,0.37,27.4,51.9,0.527,18.0,22.0,0.818,9.3,33.0,42.3,25.8,7.5,3.4,12.7,17.3,110.1,2023,4.0,82,240.9,40.2,86.0,0.467,13.0,36.8,0.353,27.2,49.2,0.553,15.0,19.2,0.78,9.2,33.5,42.8,26.5,6.6,4.7,13.7,18.9,108.4,20.0,MIA,44-38,15.0,27.3,180754950.0,-44733950.0,172894063.0,104784020.0,1801769.0,1610612748.0,44.0
56,27.0,Detroit Pistons,82,240.9,40.9,88.2,0.463,11.0,31.7,0.348,29.8,56.5,0.528,17.0,21.7,0.785,10.5,32.8,43.3,25.5,6.5,4.7,15.2,20.6,109.9,2023,26.0,82,240.9,43.6,89.0,0.49,12.1,32.7,0.37,31.5,56.3,0.56,19.6,24.5,0.8,9.6,33.5,43.1,27.0,8.9,6.0,12.4,17.8,119.0,2.0,DET,17-65,15.0,24.4,136419412.0,-398412.0,84251419.0,42031943.0,52167993.0,1610612765.0,17.0
57,28.0,Charlotte Hornets,82,240.6,40.0,87.0,0.46,12.1,34.0,0.355,28.0,53.0,0.528,14.5,18.4,0.786,9.3,31.0,40.3,24.8,6.9,4.5,13.8,18.0,106.6,2023,22.0,82,240.6,43.4,87.7,0.494,13.6,36.2,0.377,29.7,51.5,0.577,16.5,20.7,0.796,10.6,34.8,45.4,28.7,7.1,4.8,13.6,17.5,116.8,5.0,CHA,27-55,15.0,24.2,141036011.0,-5015011.0,97074991.0,40305635.0,40357482.0,1610612766.0,27.0
58,29.0,Portland Trail Blazers,82,242.4,39.4,89.7,0.439,11.5,33.2,0.345,27.9,56.5,0.494,16.2,20.5,0.791,12.6,30.1,42.7,23.1,7.6,4.3,15.2,20.2,106.4,2023,19.0,82,242.4,42.5,86.6,0.491,11.7,33.3,0.351,30.8,53.3,0.578,18.7,23.6,0.792,10.6,33.2,43.8,27.1,8.9,6.4,14.3,17.9,115.4,17.0,POR,33-49,15.0,23.9,171538887.0,-35517887.0,157605999.0,84152788.0,6289938.0,1610612757.0,33.0
59,30.0,Memphis Grizzlies,82,241.2,38.4,88.2,0.435,13.1,37.8,0.346,25.3,50.4,0.502,16.0,21.0,0.764,10.9,31.7,42.6,24.7,8.2,6.1,15.1,19.1,105.8,2023,12.0,82,241.2,41.2,86.9,0.474,13.4,35.4,0.378,27.8,51.5,0.541,17.0,21.8,0.779,10.7,35.0,45.6,26.6,8.1,6.5,15.1,18.8,112.8,14.0,MEM,51-31,15.0,25.2,162996801.0,-26975801.0,135440708.0,79941165.0,25754324.0,1610612763.0,51.0
60,1.0,Golden State Warriors,82,241.2,43.1,87.1,0.495,12.0,31.2,0.383,31.1,55.8,0.557,17.8,22.6,0.788,9.4,35.0,44.4,30.4,9.6,6.8,14.8,19.3,115.9,2016,11.0,82,241.2,38.8,89.2,0.435,9.0,27.8,0.324,29.8,61.4,0.485,17.7,23.2,0.761,11.7,31.8,43.5,22.7,8.6,3.8,15.5,19.4,104.3,16.0,GSW,73-9,15.0,27.7,100241842.0,-6098842.0,97520106.0,58534110.0,2721736.0,1610612744.0,73.0
61,2.0,Houston Rockets,82,241.2,40.3,87.2,0.462,14.4,40.3,0.357,25.9,46.9,0.552,20.3,26.5,0.766,10.9,33.5,44.4,25.2,8.2,4.3,15.1,19.9,115.3,2016,26.0,82,241.2,41.2,88.9,0.463,10.0,29.1,0.343,31.2,59.7,0.522,17.3,22.2,0.778,10.7,33.4,44.1,24.1,8.5,5.0,15.1,20.4,109.6,7.0,HOU,41-41,15.0,26.2,90968493.0,3174507.0,87526799.0,57660827.0,3441694.0,1610612745.0,41.0
62,3.0,Denver Nuggets,82,240.9,41.2,87.7,0.469,10.6,28.8,0.368,30.6,58.9,0.519,18.7,24.2,0.774,11.8,34.6,46.4,25.3,6.9,3.9,15.0,19.1,111.7,2016,27.0,82,240.9,42.1,88.4,0.477,9.9,26.3,0.375,32.3,62.1,0.519,17.1,21.9,0.782,9.4,31.4,40.8,24.0,8.3,4.9,12.0,20.2,111.2,3.0,DEN,33-49,15.0,25.8,82581936.0,11561064.0,78416141.0,38361798.0,4165795.0,1610612743.0,33.0
63,4.0,Cleveland Cavaliers,82,242.4,39.9,84.9,0.47,13.0,33.9,0.384,26.9,51.0,0.528,17.5,23.3,0.748,9.3,34.4,43.7,22.7,6.6,4.0,13.7,18.1,110.3,2016,20.0,82,242.4,40.6,88.8,0.458,10.4,28.7,0.361,30.3,60.1,0.504,15.5,20.0,0.773,11.0,33.2,44.2,24.7,7.3,4.3,12.6,20.6,107.2,30.0,CLE,57-25,15.0,29.6,127570594.0,-33427594.0,125131982.0,69767188.0,1458181.0,1610612739.0,57.0
64,5.0,Washington Wizards,82,242.1,41.3,87.0,0.475,9.2,24.8,0.372,32.1,62.3,0.515,17.3,22.1,0.784,10.3,32.6,42.9,23.9,8.5,4.1,14.2,21.3,109.2,2016,21.0,82,242.1,39.7,85.1,0.466,9.9,27.1,0.364,29.8,58.0,0.514,18.2,24.2,0.751,10.6,32.5,43.0,22.8,7.4,4.6,15.3,19.8,107.4,20.0,WAS,41-41,15.0,25.5,102337716.0,-8194716.0,100785911.0,55018804.0,1551805.0,1610612764.0,41.0
65,6.0,Los Angeles Clippers,82,240.9,39.5,83.2,0.475,10.3,27.4,0.375,29.3,55.8,0.525,19.3,26.0,0.745,9.0,34.0,43.0,22.5,7.5,4.2,13.0,19.8,108.7,2016,12.0,82,240.9,38.6,85.4,0.452,9.2,26.3,0.35,29.4,59.1,0.497,18.0,23.4,0.772,10.2,32.9,43.1,23.1,7.0,3.1,13.2,22.4,104.4,29.0,LAC,53-29,15.0,29.5,118011825.0,-23868825.0,113657568.0,64505841.0,1412964.0,1610612746.0,53.0
66,7.0,Boston Celtics,82,240.9,38.6,85.1,0.454,12.0,33.4,0.359,26.6,51.7,0.515,18.7,23.2,0.807,9.1,32.9,42.0,25.2,7.5,4.1,13.3,20.6,108.0,2016,15.0,82,240.9,38.6,85.8,0.45,9.0,27.0,0.332,29.7,58.8,0.505,19.1,24.9,0.769,10.8,33.8,44.5,22.6,7.6,5.2,13.9,20.3,105.4,10.0,BOS,48-34,15.0,25.3,93035161.0,1107839.0,91484921.0,46809763.0,1550240.0,1610612738.0,48.0
67,8.0,Portland Trail Blazers,82,243.0,39.5,86.1,0.459,10.4,27.7,0.375,29.2,58.4,0.499,18.5,23.7,0.78,10.1,33.5,43.7,21.1,7.0,5.0,13.7,21.2,107.9,2016,25.0,82,243.0,39.2,86.2,0.455,9.3,25.1,0.37,29.9,61.1,0.489,20.8,26.5,0.785,10.1,33.9,44.0,20.6,7.7,5.3,12.8,19.8,108.5,28.0,POR,44-38,15.0,24.4,112845578.0,-18702578.0,110932233.0,59221868.0,1913345.0,1610612757.0,44.0
68,9.0,Phoenix Suns,82,241.8,39.9,88.5,0.45,7.5,22.6,0.332,32.4,65.9,0.491,20.4,26.3,0.776,11.9,33.1,45.0,19.6,8.2,4.9,15.4,24.8,107.7,2016,30.0,82,241.8,40.2,86.2,0.467,10.1,26.3,0.382,30.2,59.9,0.504,22.8,29.1,0.783,10.2,33.8,44.0,22.2,8.1,5.3,14.9,22.2,113.3,5.0,PHX,23-59,15.0,25.4,85055253.0,9087747.0,72521524.0,39021250.0,12533729.0,1610612756.0,23.0
69,10.0,Toronto Raptors,82,241.2,39.2,84.4,0.464,8.8,24.3,0.363,30.3,60.0,0.505,19.7,24.7,0.796,10.6,32.6,43.3,18.5,8.3,4.9,12.7,20.8,106.9,2016,8.0,82,241.2,37.2,82.9,0.449,9.7,27.3,0.354,27.5,55.6,0.495,18.5,23.8,0.78,10.1,31.9,42.1,21.8,6.7,4.8,14.6,20.3,102.6,27.0,TOR,56-26,16.0,25.5,111777477.0,-17634477.0,108688646.0,55122122.0,206500.0,1610612761.0,56.0
70,11.0,Oklahoma City Thunder,82,241.5,39.5,87.4,0.452,8.4,25.8,0.327,31.0,61.6,0.504,19.2,25.8,0.745,12.2,34.4,46.6,21.0,7.9,5.0,15.0,20.9,106.6,2016,16.0,82,241.5,39.2,85.3,0.459,8.8,24.8,0.356,30.4,60.5,0.502,18.6,24.3,0.764,9.1,31.5,40.6,21.4,8.5,5.5,13.8,20.7,105.8,8.0,OKC,55-27,15.0,25.8,92320380.0,1822620.0,86981364.0,52635938.0,4358585.0,1610612760.0,55.0
71,12.0,Brooklyn Nets,82,240.9,37.8,85.2,0.444,10.7,31.6,0.338,27.1,53.6,0.506,19.4,24.6,0.788,8.8,35.1,43.9,21.4,7.2,4.7,16.5,21.0,105.8,2016,29.0,82,240.9,41.6,90.8,0.458,10.0,27.2,0.366,31.7,63.6,0.498,19.3,25.0,0.772,11.0,36.2,47.2,23.0,9.5,5.6,13.3,20.4,112.5,4.0,BKN,21-61,15.0,25.5,83730005.0,10412995.0,65405906.0,41898929.0,18324099.0,1610612751.0,21.0
72,13.0,Minnesota Timberwolves,82,241.5,39.5,84.4,0.467,7.3,21.0,0.349,32.1,63.4,0.507,19.3,24.2,0.799,11.4,31.0,42.4,23.7,8.0,4.5,14.0,20.1,105.6,2016,18.0,82,241.5,39.6,83.3,0.475,9.9,27.0,0.366,29.7,56.3,0.528,17.6,22.9,0.768,9.8,30.6,40.4,23.1,7.7,5.0,14.3,20.5,106.7,1.0,MIN,29-53,14.0,25.1,71566819.0,22576181.0,59494555.0,27225579.0,10111402.0,1610612750.0,29.0
73,14.0,San Antonio Spurs,82,241.5,39.3,83.7,0.469,9.2,23.5,0.391,30.1,60.2,0.5,17.6,22.0,0.797,10.0,33.9,43.9,23.8,8.0,5.9,13.4,18.3,105.3,2016,2.0,82,241.5,37.0,83.4,0.443,8.1,23.7,0.344,28.8,59.7,0.483,16.0,20.8,0.771,9.8,31.7,41.5,21.4,7.5,4.1,14.4,19.8,98.1,25.0,SAS,67-15,15.0,28.9,108372141.0,-14229141.0,104866760.0,53713068.0,3505381.0,1610612759.0,67.0
74,15.0,Indiana Pacers,82,242.1,39.3,84.5,0.465,8.6,23.0,0.376,30.6,61.5,0.498,17.9,22.1,0.81,9.0,33.0,42.0,22.5,8.2,5.0,13.8,19.5,105.1,2016,14.0,82,242.1,38.0,84.3,0.451,10.4,29.1,0.355,27.6,55.1,0.501,19.0,24.1,0.789,10.7,33.5,44.3,22.3,8.1,5.0,14.9,19.5,105.3,12.0,IND,45-37,15.0,26.7,94002004.0,140996.0,85614337.0,43231684.0,8387667.0,1610612754.0,45.0
75,16.0,Charlotte Hornets,82,241.8,37.7,85.4,0.442,10.0,28.6,0.351,27.7,56.7,0.488,19.4,23.8,0.815,8.8,34.8,43.6,23.1,7.0,4.8,11.5,16.6,104.9,2016,13.0,82,241.8,39.5,86.5,0.456,11.6,31.4,0.369,27.9,55.1,0.506,14.2,18.2,0.776,8.9,35.5,44.4,24.5,6.6,5.5,13.1,19.9,104.7,19.0,CHA,48-34,15.0,25.9,102036240.0,-7893240.0,100201483.0,46369565.0,1834757.0,1610612766.0,48.0
76,17.0,Los Angeles Lakers,82,240.3,39.3,87.4,0.45,8.9,25.7,0.346,30.4,61.6,0.493,17.0,22.6,0.754,11.4,32.1,43.5,20.9,8.2,3.9,15.2,20.7,104.6,2016,28.0,82,240.3,41.5,86.0,0.483,10.1,27.4,0.37,31.4,58.6,0.536,18.3,24.0,0.762,10.3,34.2,44.4,25.7,8.5,5.4,14.5,18.5,111.5,13.0,LAL,17-65,15.0,25.5,94204120.0,-61120.0,85639596.0,46500000.0,8564524.0,1610612747.0,17.0
77,18.0,New Orleans Pelicans,82,242.7,39.1,87.0,0.45,9.4,26.8,0.35,29.8,60.2,0.495,16.7,22.3,0.75,8.6,35.1,43.7,22.8,7.8,5.5,12.9,18.2,104.3,2016,17.0,82,242.7,40.1,89.0,0.45,10.5,29.8,0.353,29.5,59.2,0.499,15.8,20.7,0.762,10.6,37.7,48.3,23.4,7.4,4.2,14.0,19.3,106.4,17.0,NOP,30-52,15.0,25.9,101417816.0,-7274816.0,94322677.0,50361168.0,7095139.0,1610612740.0,30.0
78,19.0,New York Knicks,82,242.1,39.6,88.5,0.447,8.6,24.7,0.348,31.0,63.8,0.485,16.6,21.1,0.788,12.0,33.2,45.2,21.8,7.1,5.5,13.9,20.3,104.3,2016,23.0,82,242.1,39.7,87.4,0.455,9.8,28.2,0.348,29.9,59.1,0.506,18.7,24.2,0.771,11.6,33.1,44.7,21.8,7.5,4.6,12.9,18.5,108.0,21.0,NYK,32-50,14.0,26.3,102613433.0,-8470433.0,79595502.0,57124632.0,6017931.0,1610612752.0,32.0
79,20.0,Milwaukee Bucks,82,241.2,38.8,81.9,0.474,8.8,23.7,0.37,30.0,58.2,0.516,17.2,22.4,0.768,8.8,31.6,40.4,24.2,8.1,5.3,14.0,20.2,103.6,2016,9.0,82,241.2,38.0,83.0,0.458,10.0,28.2,0.353,28.0,54.8,0.512,17.9,23.2,0.771,10.3,32.1,42.5,24.1,7.4,4.6,14.7,19.3,103.8,9.0,MIL,33-49,15.0,25.6,92676330.0,1466670.0,89531619.0,44613444.0,3144711.0,1610612749.0,33.0
80,21.0,Atlanta Hawks,82,242.4,38.1,84.4,0.451,8.9,26.1,0.341,29.2,58.3,0.501,18.1,24.9,0.728,10.3,34.1,44.3,23.6,8.2,4.8,15.8,18.2,103.2,2016,10.0,82,242.4,38.8,87.3,0.444,10.9,30.5,0.357,27.9,56.7,0.491,15.6,20.2,0.772,10.7,33.2,43.9,23.4,9.0,5.2,15.4,21.6,104.0,14.0,ATL,48-34,15.0,28.0,95563799.0,-1420799.0,92928845.0,58982646.0,2634954.0,1610612737.0,48.0
81,22.0,Miami Heat,82,241.2,39.0,85.8,0.455,9.9,27.0,0.365,29.2,58.8,0.496,15.2,21.6,0.706,10.6,33.0,43.6,21.2,7.2,5.7,13.4,20.5,103.2,2016,5.0,82,241.2,37.9,84.2,0.45,7.8,22.7,0.343,30.1,61.5,0.49,18.5,23.7,0.782,10.2,33.4,43.6,19.6,6.8,4.9,13.7,18.7,102.1,18.0,MIA,48-34,15.0,27.1,101820405.0,-7677405.0,96523509.0,61749535.0,5296896.0,1610612748.0,48.0
82,23.0,Chicago Bulls,82,241.2,38.6,87.1,0.444,7.6,22.3,0.34,31.0,64.8,0.479,18.0,22.5,0.798,12.2,34.1,46.3,22.6,7.8,4.8,13.6,17.7,102.9,2016,6.0,82,241.2,39.5,86.6,0.456,8.9,25.9,0.345,30.5,60.7,0.503,14.6,19.0,0.77,10.3,32.9,43.2,23.6,7.3,4.6,13.4,18.8,102.4,11.0,CHI,42-40,15.0,25.8,93175538.0,967462.0,92681038.0,55356361.0,494500.0,1610612741.0,42.0
83,24.0,Sacramento Kings,82,242.4,37.9,82.1,0.461,9.0,23.9,0.376,28.9,58.2,0.496,18.1,23.3,0.775,8.7,32.3,41.1,22.5,7.6,4.0,14.6,20.3,102.8,2016,19.0,82,242.4,38.5,83.2,0.462,10.9,30.0,0.364,27.5,53.2,0.517,18.9,24.2,0.778,10.1,32.8,42.9,23.7,8.5,5.1,14.0,20.1,106.7,15.0,SAC,33-49,15.0,25.9,95667032.0,-1524032.0,87859206.0,36494619.0,7807826.0,1610612758.0,33.0
84,25.0,Philadelphia 76ers,82,241.8,37.7,85.3,0.442,10.1,29.8,0.34,27.5,55.5,0.496,17.0,22.0,0.771,9.8,33.0,42.8,23.8,8.4,5.1,16.7,21.9,102.4,2016,24.0,82,241.8,39.6,85.9,0.461,8.9,24.9,0.357,30.7,61.0,0.503,20.1,26.0,0.773,10.8,34.2,45.0,22.7,8.6,5.4,15.1,19.6,108.1,6.0,PHI,10-72,16.0,24.4,89003631.0,5139369.0,61656754.0,26974084.0,24160495.0,1610612755.0,10.0
85,26.0,Detroit Pistons,82,241.5,39.9,88.8,0.449,7.7,23.4,0.33,32.2,65.5,0.492,13.9,19.3,0.719,11.1,34.6,45.7,21.1,7.0,3.8,11.9,17.9,101.3,2016,7.0,82,241.5,38.3,83.3,0.46,9.4,25.6,0.366,29.0,57.7,0.502,16.4,21.0,0.78,8.0,34.9,42.9,23.5,6.7,4.1,12.8,17.5,102.5,24.0,DET,44-38,15.0,25.5,107901937.0,-13758937.0,102503259.0,54273272.0,5398678.0,1610612765.0,44.0
86,27.0,Orlando Magic,82,241.5,38.3,87.0,0.44,8.5,26.1,0.328,29.7,60.9,0.488,16.0,21.4,0.747,9.8,33.3,43.2,22.2,7.1,4.8,13.3,19.3,101.1,2016,22.0,82,241.5,40.3,86.4,0.467,9.7,26.4,0.367,30.6,60.0,0.51,17.4,22.7,0.766,9.7,35.8,45.5,23.6,7.6,5.1,13.0,18.7,107.6,23.0,ORL,35-47,15.0,25.2,104294550.0,-10151550.0,102595191.0,49000000.0,1699359.0,1610612753.0,35.0
87,28.0,Utah Jazz,82,240.9,37.0,79.5,0.466,9.6,26.0,0.372,27.3,53.5,0.511,17.1,22.9,0.747,9.4,33.8,43.2,20.1,6.7,5.0,13.6,18.8,100.7,2016,1.0,82,240.9,36.3,82.0,0.443,8.2,22.9,0.358,28.1,59.1,0.476,16.0,20.7,0.769,9.0,31.1,40.2,17.8,7.3,3.8,12.1,20.2,96.8,2.0,UTA,40-42,15.0,26.2,80498192.0,13644808.0,80223192.0,38123140.0,275000.0,1610612762.0,40.0
88,29.0,Memphis Grizzlies,82,242.7,36.4,83.6,0.435,9.4,26.5,0.354,27.0,57.1,0.473,18.3,23.4,0.784,10.8,32.0,42.8,21.3,8.0,4.2,12.9,22.4,100.5,2016,3.0,82,242.7,34.9,78.8,0.443,9.9,28.0,0.354,25.0,50.8,0.492,20.2,26.9,0.753,9.3,32.8,42.1,20.1,7.0,5.0,14.3,20.8,100.0,26.0,MEM,42-40,15.0,27.4,110869863.0,-16726863.0,108352164.0,69822525.0,2517699.0,1610612763.0,42.0
89,30.0,Dallas Mavericks,82,241.2,36.2,82.3,0.44,10.7,30.2,0.355,25.5,52.2,0.489,14.8,18.5,0.801,7.9,30.7,38.6,20.8,7.5,3.7,11.9,19.1,97.9,2016,4.0,82,241.2,37.0,79.0,0.469,9.6,25.3,0.38,27.4,53.7,0.51,17.2,22.3,0.772,8.9,35.6,44.5,21.3,6.5,3.4,14.9,19.4,100.8,22.0,DAL,42-40,15.0,26.9,104083711.0,-9940711.0,92128049.0,64262588.0,11955662.0,1610612742.0,42.0
90,1.0,Golden State Warriors,82,240.6,42.8,85.1,0.503,11.3,28.9,0.391,31.5,56.2,0.56,16.6,20.3,0.815,8.4,35.1,43.5,29.3,8.0,7.5,15.4,19.6,113.5,2017,18.0,82,240.6,40.2,90.0,0.447,10.4,29.2,0.357,29.8,60.8,0.49,16.7,22.0,0.758,10.9,31.6,42.5,23.6,8.7,3.7,14.3,18.5,107.5,29.0,GSW,67-15,15.0,27.9,136843128.0,-37750128.0,132955238.0,77508700.0,2416508.0,1610612744.0,67.0
91,2.0,Houston Rockets,82,240.9,38.7,84.2,0.46,15.3,42.3,0.362,23.4,41.9,0.558,19.6,25.1,0.781,9.0,34.5,43.5,21.5,8.5,4.8,13.8,19.5,112.4,2017,8.0,82,240.9,39.6,85.6,0.462,10.1,28.8,0.351,29.5,56.7,0.519,14.6,19.6,0.746,8.7,33.4,42.0,22.4,7.4,4.4,14.5,20.4,103.9,20.0,HOU,55-27,15.0,28.8,118271451.0,-19178451.0,114484312.0,72477312.0,3787139.0,1610612745.0,55.0
92,3.0,New Orleans Pelicans,82,243.4,42.7,88.3,0.483,10.2,28.2,0.362,32.5,60.1,0.54,16.1,20.9,0.772,8.7,35.7,44.3,26.8,8.0,5.9,14.9,19.1,111.7,2017,29.0,82,243.4,41.7,91.9,0.454,10.9,30.6,0.355,30.9,61.3,0.503,16.1,20.5,0.784,10.8,34.7,45.5,23.7,8.2,4.2,14.5,20.4,110.4,26.0,NOP,34-48,15.0,26.7,120284741.0,-21191741.0,115907328.0,67526023.0,2906031.0,1610612740.0,34.0
93,4.0,Toronto Raptors,82,241.8,41.3,87.4,0.472,11.8,33.0,0.358,29.5,54.4,0.541,17.3,21.8,0.794,9.8,34.2,44.0,24.3,7.6,6.1,13.4,21.7,111.7,2017,6.0,82,241.8,38.4,85.6,0.449,8.9,25.0,0.357,29.5,60.6,0.486,18.2,23.7,0.767,9.8,32.6,42.4,21.8,7.2,4.9,14.3,19.9,103.9,24.0,TOR,51-31,15.0,25.1,119956468.0,-20863468.0,115391026.0,76505407.0,1192160.0,1610612761.0,51.0
94,5.0,Cleveland Cavaliers,82,240.6,40.4,84.8,0.476,12.0,32.1,0.372,28.4,52.6,0.54,18.1,23.3,0.779,8.5,33.7,42.1,23.4,7.1,3.8,13.7,18.6,110.9,2017,26.0,82,240.6,41.8,88.3,0.474,11.7,31.7,0.368,30.2,56.6,0.533,14.6,19.4,0.756,9.9,33.7,43.6,25.9,7.5,4.1,13.5,20.7,109.9,30.0,CLE,51-31,15.0,28.4,140394596.0,-41301596.0,135777082.0,75928059.0,203368.0,1610612739.0,51.0
95,6.0,Denver Nuggets,82,242.4,40.7,86.6,0.47,11.5,30.9,0.371,29.2,55.7,0.525,17.1,22.3,0.767,11.0,33.5,44.5,25.1,7.6,4.9,15.0,18.7,110.0,2017,22.0,82,242.4,41.3,86.7,0.476,10.9,28.8,0.378,30.4,57.9,0.525,15.0,20.4,0.738,9.8,31.9,41.6,24.7,8.0,4.8,13.8,20.7,108.5,14.0,DEN,40-42,16.0,26.1,106515203.0,-7422203.0,101779153.0,57731675.0,4736050.0,1610612743.0,40.0
96,7.0,Philadelphia 76ers,82,241.2,40.8,86.6,0.472,11.0,29.8,0.369,29.9,56.7,0.526,17.1,22.8,0.752,10.9,36.5,47.4,27.1,8.3,5.1,16.5,22.1,109.8,2017,11.0,82,241.2,38.0,87.6,0.434,10.1,29.6,0.342,27.9,58.0,0.482,19.1,25.6,0.745,10.0,32.2,42.2,21.7,8.5,5.1,14.3,20.4,105.3,8.0,PHI,28-54,15.0,25.3,100020936.0,-927936.0,89638648.0,50698103.0,10382288.0,1610612755.0,28.0
97,8.0,Minnesota Timberwolves,82,241.5,41.0,86.1,0.476,8.0,22.5,0.357,33.0,63.6,0.519,19.4,24.1,0.804,10.3,31.6,42.0,22.7,8.4,4.2,12.5,18.2,109.5,2017,17.0,82,241.5,40.2,84.7,0.475,10.9,29.6,0.366,29.4,55.0,0.534,16.0,20.5,0.779,9.8,32.0,41.8,23.9,6.5,4.7,15.1,20.9,107.3,13.0,MIN,31-51,15.0,26.9,105179927.0,-6086927.0,102581006.0,52413430.0,2598921.0,1610612750.0,31.0
98,9.0,Los Angeles Clippers,82,240.3,40.3,85.4,0.471,9.5,26.8,0.354,30.8,58.6,0.525,19.0,25.5,0.743,10.1,33.7,43.9,22.3,7.7,4.5,14.7,20.0,109.0,2017,24.0,82,240.3,40.2,87.7,0.458,10.7,30.2,0.356,29.5,57.5,0.512,17.8,22.7,0.782,10.6,33.0,43.6,24.6,8.5,5.6,14.1,22.0,109.0,21.0,LAC,51-31,15.0,26.6,118817049.0,-19724049.0,116141747.0,59201949.0,2675302.0,1610612746.0,51.0
99,10.0,Charlotte Hornets,82,241.2,39.0,86.7,0.45,10.0,27.2,0.369,28.9,59.4,0.487,20.2,27.0,0.747,10.1,35.4,45.5,21.6,6.8,4.5,12.7,17.2,108.2,2017,19.0,82,241.2,41.1,87.8,0.468,11.3,30.1,0.375,29.8,57.7,0.516,14.5,18.2,0.795,8.4,35.3,43.7,24.7,6.6,4.9,13.6,22.4,108.0,25.0,CHA,36-46,14.0,25.6,120170928.0,-21077928.0,117228164.0,59103533.0,0.0,1610612766.0,36.0
100,11.0,Los Angeles Lakers,82,242.7,40.7,88.4,0.461,10.0,29.1,0.345,30.7,59.3,0.517,16.6,23.3,0.714,10.7,35.7,46.4,23.8,7.7,4.7,15.8,21.2,108.1,2017,25.0,82,242.7,41.0,89.9,0.456,10.4,30.1,0.346,30.6,59.8,0.512,17.1,22.5,0.761,10.2,34.6,44.8,23.6,8.3,5.5,14.3,20.5,109.6,12.0,LAL,26-56,15.0,24.9,105120157.0,-6027157.0,93848506.0,57578244.0,8328887.0,1610612747.0,26.0
101,12.0,Oklahoma City Thunder,82,241.8,39.9,88.1,0.453,10.7,30.4,0.354,29.1,57.7,0.505,17.3,24.2,0.716,12.5,32.6,45.1,21.3,9.1,5.0,14.0,20.2,107.9,2017,10.0,82,241.8,38.5,84.0,0.458,11.2,30.6,0.367,27.3,53.4,0.511,16.2,21.1,0.769,9.5,32.6,42.2,23.3,7.7,4.6,16.0,21.3,104.4,28.0,OKC,47-35,15.0,26.8,134391728.0,-35298728.0,130477891.0,77246278.0,2442455.0,1610612760.0,47.0
102,13.0,Washington Wizards,82,242.1,39.9,85.6,0.467,9.9,26.5,0.375,30.0,59.1,0.508,16.8,21.8,0.772,10.0,33.1,43.1,25.2,7.9,4.3,14.6,21.3,106.6,2017,15.0,82,242.1,39.0,84.4,0.462,10.2,29.2,0.349,28.8,55.2,0.522,17.9,23.5,0.761,9.8,32.7,42.5,22.3,7.8,4.7,14.9,20.0,106.0,27.0,WAS,49-33,15.0,27.3,124114043.0,-25021043.0,122840421.0,66612606.0,1273622.0,1610612764.0,49.0
103,14.0,Brooklyn Nets,82,242.1,38.2,86.8,0.441,12.7,35.7,0.356,25.5,51.1,0.5,17.4,22.6,0.772,9.7,34.8,44.4,23.7,6.2,4.8,15.2,20.6,106.6,2017,28.0,82,242.1,41.7,89.4,0.466,9.0,24.5,0.369,32.6,64.9,0.503,17.9,23.4,0.766,10.4,36.4,46.8,21.7,7.7,5.5,12.4,19.7,110.3,6.0,BKN,20-62,15.0,25.0,95964560.0,3128440.0,88965468.0,49412500.0,6999092.0,1610612751.0,20.0
104,15.0,Milwaukee Bucks,82,241.8,39.7,83.0,0.478,8.8,24.7,0.355,31.0,58.3,0.531,18.3,23.4,0.783,8.4,31.5,39.8,23.2,8.8,5.4,13.8,21.4,106.5,2017,16.0,82,241.8,39.1,83.7,0.468,10.1,27.1,0.372,29.0,56.6,0.513,18.4,23.5,0.783,10.0,32.8,42.7,23.6,7.1,4.5,15.6,19.9,106.8,18.0,MIL,42-40,15.0,25.8,116214360.0,-17121360.0,100039227.0,51071910.0,16175133.0,1610612749.0,42.0
105,16.0,Indiana Pacers,82,240.9,40.8,86.4,0.472,9.0,24.5,0.369,31.8,61.9,0.513,14.9,19.2,0.779,9.6,32.7,42.3,22.2,8.8,4.1,13.3,18.8,105.6,2017,9.0,82,240.9,39.4,84.8,0.465,10.6,30.4,0.349,28.8,54.4,0.53,14.8,19.5,0.757,10.2,32.7,43.0,23.2,7.0,5.2,15.5,18.5,104.2,4.0,IND,42-40,15.0,25.1,93661969.0,5431031.0,90081320.0,46296348.0,3580649.0,1610612754.0,42.0
106,17.0,Portland Trail Blazers,82,240.9,39.3,87.0,0.452,10.3,28.1,0.366,29.0,58.8,0.493,16.7,20.9,0.8,10.2,35.3,45.5,19.5,7.0,5.2,13.5,19.5,105.6,2017,5.0,82,240.9,38.4,85.9,0.447,9.7,26.6,0.364,28.7,59.3,0.484,16.6,22.0,0.755,9.3,33.6,42.9,20.2,7.3,5.1,12.6,19.1,103.0,23.0,POR,41-41,15.0,24.4,119265261.0,-20172261.0,114016865.0,67246777.0,5248396.0,1610612757.0,41.0
107,18.0,New York Knicks,82,241.8,40.7,87.7,0.464,8.2,23.3,0.352,32.5,64.4,0.504,14.9,19.0,0.787,10.5,33.6,44.0,23.3,6.7,5.1,14.7,20.5,104.5,2017,20.0,82,241.8,39.4,86.3,0.457,11.2,30.4,0.368,28.2,55.9,0.505,18.0,23.2,0.774,10.2,33.0,43.2,24.0,8.2,4.7,13.3,18.4,108.0,10.0,NYK,31-51,15.0,25.6,104405156.0,-5312156.0,98086116.0,54831801.0,6319040.0,1610612752.0,31.0
108,19.0,Utah Jazz,82,240.9,38.3,82.9,0.462,10.8,29.6,0.366,27.5,53.3,0.515,16.8,21.5,0.779,9.0,34.2,43.3,22.4,8.6,5.1,14.7,19.6,104.1,2017,1.0,82,240.9,37.3,83.0,0.449,9.5,26.0,0.365,27.8,57.0,0.488,15.8,20.5,0.771,8.7,33.0,41.6,20.0,8.3,4.6,14.9,20.5,99.8,15.0,UTA,51-31,15.0,25.9,106862254.0,-7769254.0,103837783.0,50386083.0,3024471.0,1610612762.0,51.0
109,20.0,Boston Celtics,82,241.5,38.3,85.1,0.45,11.5,30.4,0.377,26.9,54.7,0.491,16.0,20.7,0.771,9.4,35.1,44.5,22.5,7.4,4.5,14.0,19.7,104.0,2017,3.0,82,241.5,37.4,85.0,0.44,9.4,27.7,0.339,28.0,57.4,0.488,16.3,21.3,0.763,9.6,34.2,43.8,21.3,7.2,4.4,14.1,19.2,100.4,17.0,BOS,53-29,16.0,25.1,115075693.0,-15982693.0,114825547.0,76330930.0,250146.0,1610612738.0,53.0
110,21.0,Phoenix Suns,82,240.3,38.5,87.1,0.442,9.3,27.9,0.334,29.1,59.2,0.492,17.7,23.9,0.741,10.3,33.9,44.1,21.3,6.9,4.5,15.7,22.0,103.9,2017,30.0,82,240.3,41.8,88.7,0.471,10.9,29.2,0.373,30.9,59.5,0.519,18.8,24.6,0.766,10.4,35.4,45.9,23.3,8.7,6.0,13.4,20.9,113.3,3.0,PHX,24-58,15.0,24.1,92518634.0,6574366.0,73955365.0,36618750.0,18563269.0,1610612756.0,24.0
111,22.0,Detroit Pistons,82,241.5,39.1,86.9,0.45,10.8,28.9,0.373,28.3,58.0,0.488,14.7,19.8,0.745,10.1,33.6,43.7,22.8,7.7,3.9,13.4,18.4,103.8,2017,7.0,82,241.5,39.1,85.2,0.459,11.1,30.8,0.359,28.0,54.4,0.515,14.6,18.9,0.776,9.2,34.5,43.8,25.2,7.3,4.9,14.8,18.4,103.9,22.0,DET,37-45,15.0,26.1,118897722.0,-19804722.0,113040993.0,69503406.0,5856729.0,1610612765.0,37.0
112,23.0,Miami Heat,82,243.0,38.8,85.3,0.455,11.0,30.6,0.36,27.8,54.8,0.508,14.7,19.5,0.755,9.3,34.2,43.5,22.7,7.6,5.3,14.4,20.1,103.4,2017,4.0,82,243.0,37.7,83.8,0.45,9.6,26.6,0.36,28.1,57.2,0.491,18.0,23.0,0.783,9.1,34.0,43.1,21.0,7.5,4.6,14.1,19.4,102.9,11.0,MIA,41-41,16.0,26.7,105065917.0,-5972917.0,103753306.0,54729956.0,1312611.0,1610612748.0,41.0
113,24.0,Orlando Magic,82,240.6,38.8,85.9,0.452,10.3,29.3,0.351,28.5,56.5,0.504,15.5,20.5,0.757,8.8,32.8,41.6,23.4,7.6,4.9,14.5,19.3,103.4,2017,21.0,82,240.6,40.9,87.5,0.468,10.0,27.6,0.362,30.9,60.0,0.516,16.4,21.2,0.773,10.6,35.3,45.9,24.4,7.8,4.9,14.2,19.0,108.2,5.0,ORL,29-53,15.0,25.6,95538311.0,3554689.0,94946559.0,46250000.0,591752.0,1610612753.0,29.0
114,25.0,Atlanta Hawks,82,240.3,38.2,85.5,0.446,11.2,31.0,0.36,27.0,54.5,0.495,15.8,20.2,0.785,9.1,32.8,41.9,23.7,7.8,4.2,15.5,19.6,103.4,2017,23.0,82,240.3,40.7,86.7,0.469,11.6,30.7,0.377,29.1,56.0,0.52,15.9,20.6,0.772,10.3,34.0,44.2,26.1,8.7,5.5,15.1,20.3,108.8,9.0,ATL,43-39,15.0,24.6,100108457.0,-1015457.0,67426026.0,44910113.0,32682431.0,1610612737.0,43.0
115,26.0,Chicago Bulls,82,242.1,38.7,88.8,0.435,11.0,31.1,0.355,27.6,57.8,0.478,14.6,19.2,0.759,9.6,35.0,44.7,23.5,7.6,3.5,14.0,19.2,102.9,2017,27.0,82,242.1,41.0,86.8,0.472,12.1,32.7,0.37,28.9,54.1,0.534,15.9,20.2,0.787,8.4,37.2,45.7,25.9,7.2,5.2,13.6,17.4,110.0,2.0,CHI,41-41,15.0,24.4,90105625.0,8987375.0,63826969.0,32227505.0,26278656.0,1610612741.0,41.0
116,27.0,San Antonio Spurs,82,240.6,39.0,85.4,0.457,8.5,24.1,0.352,30.6,61.2,0.499,16.1,20.9,0.772,10.4,33.9,44.2,22.8,7.7,5.6,13.1,17.2,102.7,2017,2.0,82,240.6,38.2,84.3,0.453,9.1,26.3,0.348,29.0,58.0,0.501,14.3,18.9,0.759,9.2,33.3,42.5,21.8,7.6,3.9,14.1,19.7,99.8,19.0,SAS,61-21,15.0,28.1,117624936.0,-18531936.0,113237104.0,56329635.0,2916450.0,1610612759.0,61.0
117,28.0,Dallas Mavericks,82,241.5,38.1,85.9,0.444,11.8,32.8,0.36,26.4,53.1,0.496,14.2,18.7,0.763,8.1,33.1,41.3,22.7,7.0,3.8,12.3,19.2,102.3,2017,12.0,82,241.5,39.3,83.8,0.469,10.7,29.4,0.363,28.6,54.4,0.526,16.2,21.4,0.757,8.8,36.9,45.8,23.5,7.2,4.5,13.7,19.6,105.4,1.0,DAL,33-49,15.0,26.3,85147033.0,13945967.0,77926451.0,49999304.0,7220582.0,1610612742.0,33.0
118,29.0,Memphis Grizzlies,82,240.3,36.7,82.8,0.444,9.2,26.2,0.352,27.5,56.5,0.486,16.6,21.1,0.786,9.5,31.0,40.5,21.5,7.5,4.8,15.0,23.2,99.3,2017,13.0,82,240.3,37.1,80.3,0.462,10.7,29.0,0.368,26.5,51.3,0.516,20.6,26.8,0.769,9.5,33.0,42.5,22.1,8.1,5.1,14.8,20.4,105.5,16.0,MEM,43-39,15.0,25.7,112723222.0,-13630222.0,100033826.0,74284962.0,9868899.0,1610612763.0,43.0
119,30.0,Sacramento Kings,82,240.9,38.8,86.1,0.45,9.0,24.0,0.375,29.8,62.1,0.479,12.3,16.7,0.735,9.5,31.4,40.9,21.6,7.8,4.1,13.7,20.0,98.8,2017,14.0,82,240.9,38.7,82.4,0.47,11.9,31.5,0.377,26.8,50.9,0.527,16.4,21.5,0.765,9.1,34.7,43.8,23.6,7.8,4.7,14.3,17.3,105.8,7.0,SAC,32-50,15.0,25.7,97154206.0,1938794.0,77725702.0,32115385.0,17957122.0,1610612758.0,32.0
120,1.0,Cleveland Cavaliers,82,240.9,44.5,90.8,0.491,15.9,41.5,0.383,28.6,49.3,0.581,17.0,21.9,0.776,11.2,34.2,45.4,28.1,8.2,4.3,13.2,18.1,121.9,2024,12.0,82,240.9,41.2,90.9,0.454,13.5,37.5,0.359,27.8,53.4,0.52,16.5,21.1,0.779,11.5,32.0,43.5,25.6,7.8,4.4,14.5,18.9,112.4,16.0,CLE,64-18,15.0,26.0,178212347.0,-37624347.0,169371096.0,93832409.0,491175.0,1610612739.0,64.0
121,2.0,Memphis Grizzlies,82,240.3,44.8,93.3,0.479,13.9,37.9,0.367,30.8,55.5,0.556,18.3,23.3,0.786,12.9,34.4,47.3,28.4,8.9,5.6,15.7,20.9,121.7,2024,24.0,82,240.3,41.9,91.8,0.456,14.2,39.4,0.36,27.7,52.4,0.529,18.9,24.5,0.77,11.5,32.0,43.5,27.0,8.7,5.5,15.1,20.2,116.9,7.0,MEM,48-34,15.0,24.6,167814933.0,-27226933.0,155850296.0,95988718.0,8014853.0,1610612763.0,48.0
122,3.0,Denver Nuggets,82,242.1,45.4,89.8,0.506,12.0,31.9,0.376,33.4,57.8,0.578,17.9,23.3,0.77,11.2,34.5,45.7,31.0,8.0,4.9,14.3,17.6,120.8,2024,25.0,82,242.1,43.3,93.0,0.466,14.1,38.7,0.365,29.2,54.4,0.538,16.1,20.7,0.777,11.7,30.7,42.5,29.0,8.7,5.1,13.0,19.0,116.9,23.0,DEN,50-32,15.0,26.0,192786656.0,-52198656.0,182574315.0,123292088.0,0.0,1610612743.0,50.0
123,4.0,Oklahoma City Thunder,82,240.3,44.6,92.7,0.482,14.5,38.8,0.374,30.1,53.9,0.559,16.7,20.4,0.819,10.6,34.2,44.8,26.9,10.3,5.7,11.7,19.9,120.5,2024,3.0,82,240.3,37.9,87.0,0.436,13.5,39.3,0.342,24.5,47.6,0.513,18.3,23.7,0.774,11.6,33.3,44.9,24.6,6.7,4.8,17.0,18.1,107.6,5.0,OKC,68-14,15.0,24.2,166001694.0,-25413694.0,162209242.0,82859950.0,3792452.0,1610612760.0,68.0
124,5.0,Atlanta Hawks,82,241.2,43.4,91.8,0.472,13.5,37.7,0.358,29.9,54.1,0.552,18.0,23.2,0.775,11.9,32.6,44.5,29.6,9.7,5.1,15.5,19.1,118.2,2024,27.0,82,241.2,43.4,90.2,0.481,14.3,37.8,0.377,29.2,52.4,0.557,18.2,22.7,0.802,10.3,33.4,43.7,28.2,9.2,4.9,16.0,19.1,119.3,13.0,ATL,40-42,15.0,25.3,174418704.0,-33830704.0,161255749.0,81912604.0,7125652.0,1610612737.0,40.0
125,6.0,Chicago Bulls,82,240.9,43.2,92.0,0.47,15.4,42.0,0.367,27.8,50.0,0.556,16.0,19.7,0.809,10.1,35.8,45.9,29.1,7.6,4.7,14.7,17.6,117.8,2024,28.0,82,240.9,44.4,95.0,0.467,13.6,39.6,0.344,30.8,55.4,0.556,16.9,21.5,0.786,11.0,35.1,46.1,28.9,8.1,5.1,12.6,16.8,119.4,8.0,CHI,39-43,15.0,24.6,168006873.0,-27418873.0,157180244.0,59395348.0,8739110.0,1610612741.0,39.0
126,7.0,Indiana Pacers,82,242.1,43.6,89.3,0.488,13.2,35.8,0.368,30.4,53.6,0.568,17.0,21.6,0.789,9.2,32.7,41.8,29.2,8.5,5.5,13.2,18.7,117.4,2024,17.0,82,242.1,42.6,89.9,0.474,12.9,36.3,0.355,29.7,53.6,0.554,17.0,22.0,0.773,11.2,33.8,45.0,26.0,7.2,4.5,15.0,18.8,115.1,10.0,IND,50-32,15.0,25.7,171232577.0,-30644577.0,166839774.0,104281300.0,2530538.0,1610612754.0,50.0
127,8.0,Boston Celtics,82,241.8,41.6,90.0,0.462,17.8,48.2,0.368,23.9,41.8,0.571,15.3,19.1,0.799,11.4,33.9,45.3,26.1,7.2,5.5,11.9,15.9,116.3,2024,2.0,82,241.8,40.3,89.4,0.45,12.9,37.1,0.347,27.4,52.3,0.524,13.8,17.7,0.777,10.7,33.0,43.7,24.0,6.9,3.6,12.8,17.5,107.2,25.0,BOS,61-21,15.0,27.5,197048229.0,-56460229.0,193098445.0,114054140.0,0.0,1610612738.0,61.0
128,9.0,New York Knicks,82,242.4,43.3,89.2,0.486,12.6,34.1,0.369,30.8,55.1,0.558,16.5,20.7,0.8,10.9,31.8,42.6,27.5,8.2,4.0,13.3,17.2,115.8,2024,9.0,82,242.4,41.6,87.7,0.474,13.1,35.7,0.367,28.5,52.0,0.548,15.4,19.5,0.789,10.9,31.0,41.8,25.2,7.0,5.0,14.5,19.0,111.7,22.0,NYK,51-31,15.0,26.5,188877651.0,-48289651.0,188001268.0,110803733.0,876383.0,1610612752.0,51.0
129,10.0,Sacramento Kings,82,242.4,43.0,90.1,0.478,12.6,35.2,0.357,30.5,54.9,0.555,17.1,21.2,0.806,11.0,33.2,44.2,26.5,7.6,4.4,13.3,18.9,115.7,2024,19.0,82,242.4,41.6,87.8,0.474,14.5,38.2,0.381,27.0,49.6,0.545,17.6,22.4,0.783,10.0,32.4,42.3,27.0,7.9,4.3,13.9,18.5,115.3,11.0,SAC,40-42,15.0,27.4,171370782.0,-30782782.0,166101303.0,107131940.0,1319695.0,1610612758.0,40.0
130,11.0,Milwaukee Bucks,82,240.9,42.0,86.4,0.486,14.2,36.6,0.387,27.9,49.7,0.56,17.3,23.1,0.75,8.2,35.1,43.4,25.5,7.3,4.7,13.4,17.9,115.5,2024,13.0,82,240.9,41.6,91.1,0.457,13.9,39.4,0.353,27.7,51.7,0.536,15.9,20.3,0.783,11.0,34.3,45.3,26.4,7.3,3.8,12.9,18.9,113.0,24.0,MIL,48-34,15.0,26.7,195746447.0,-55158447.0,183221333.0,122031412.0,0.0,1610612749.0,48.0
131,12.0,Detroit Pistons,82,241.5,42.7,89.8,0.476,12.8,35.4,0.362,29.9,54.4,0.55,17.2,22.3,0.774,11.4,33.4,44.8,26.4,8.0,5.3,14.9,20.7,115.5,2024,14.0,82,241.5,40.6,87.9,0.461,13.6,37.2,0.366,26.9,50.7,0.531,18.8,24.3,0.776,10.5,31.9,42.5,24.8,8.9,5.0,15.1,18.9,113.6,1.0,DET,44-38,15.0,25.0,141808220.0,-1220220.0,133989678.0,56559037.0,7818542.0,1610612765.0,44.0
132,13.0,Minnesota Timberwolves,82,241.8,41.0,87.6,0.468,15.0,39.9,0.377,26.0,47.7,0.545,17.2,21.8,0.789,11.1,33.2,44.3,26.1,8.0,5.0,14.5,18.3,114.3,2024,5.0,82,241.8,40.5,88.0,0.46,12.7,36.0,0.353,27.8,52.0,0.534,15.7,20.4,0.767,11.0,31.8,42.9,24.8,8.4,4.5,14.7,19.2,109.3,30.0,MIN,49-33,15.0,26.1,236725861.0,-96137861.0,198847571.0,119077906.0,3705899.0,1610612750.0,49.0
133,14.0,Houston Rockets,82,241.2,42.5,93.4,0.455,12.7,35.8,0.353,29.8,57.6,0.518,16.7,22.6,0.738,14.6,33.8,48.5,23.3,8.4,5.0,13.9,19.0,114.3,2024,6.0,82,241.2,40.5,88.3,0.459,12.3,34.5,0.357,28.2,53.8,0.524,16.4,21.7,0.759,10.6,31.6,42.1,23.5,7.9,5.7,14.3,19.2,109.8,12.0,HOU,52-30,15.0,25.7,173496349.0,-32908349.0,161552948.0,78702108.0,7768363.0,1610612745.0,52.0
134,15.0,Dallas Mavericks,82,240.6,42.0,87.7,0.479,12.4,34.2,0.364,29.5,53.6,0.552,17.8,23.1,0.77,10.1,33.0,43.0,25.2,7.8,5.4,14.0,17.8,114.2,2024,20.0,82,240.6,43.1,91.7,0.469,12.9,35.4,0.363,30.2,56.3,0.536,16.4,21.1,0.779,12.1,33.2,45.3,27.1,8.1,4.6,13.2,18.7,115.4,21.0,DAL,39-43,15.0,26.8,187147472.0,-46559472.0,172077663.0,99092456.0,2328828.0,1610612742.0,39.0
135,16.0,San Antonio Spurs,82,240.6,41.8,89.8,0.465,14.1,39.6,0.357,27.7,50.2,0.551,16.2,21.0,0.774,10.9,32.7,43.7,28.6,8.2,5.5,13.9,16.6,113.9,2024,23.0,82,240.6,43.8,92.5,0.474,14.4,39.3,0.365,29.5,53.2,0.554,14.6,18.5,0.79,12.1,34.1,46.2,28.0,8.1,4.3,13.7,17.4,116.7,4.0,SAS,34-48,15.0,25.2,162809380.0,-22221380.0,155231927.0,83196166.0,7577453.0,1610612759.0,34.0
136,17.0,Golden State Warriors,82,240.6,40.8,90.4,0.451,15.4,42.4,0.364,25.3,48.0,0.528,16.9,22.1,0.764,12.5,32.8,45.4,29.1,9.4,4.8,14.0,19.2,113.8,2024,8.0,82,240.6,40.4,86.9,0.465,13.2,36.3,0.363,27.3,50.6,0.539,16.4,21.4,0.769,10.6,33.5,44.1,25.9,7.6,5.4,15.7,18.6,110.5,26.0,GSW,48-34,15.0,27.2,199518342.0,-58930342.0,176474440.0,128667036.0,306447.0,1610612744.0,48.0
137,18.0,Phoenix Suns,82,241.8,41.2,86.3,0.478,14.3,38.0,0.378,26.9,48.3,0.556,16.8,20.8,0.81,9.5,32.9,42.5,27.8,7.2,4.8,14.1,17.9,113.6,2024,22.0,82,241.8,42.6,90.1,0.473,14.2,38.4,0.37,28.4,51.7,0.549,17.2,21.8,0.79,11.5,32.7,44.2,27.3,8.5,4.0,12.2,18.4,116.6,29.0,PHX,36-46,15.0,28.1,228464502.0,-87876502.0,210557299.0,150588751.0,3814041.0,1610612756.0,36.0
138,19.0,Los Angeles Lakers,82,240.6,40.9,85.5,0.479,13.3,36.4,0.366,27.6,49.1,0.562,18.2,23.2,0.785,9.7,32.8,42.4,26.0,7.7,4.5,14.0,17.3,113.4,2024,11.0,82,240.6,41.4,89.3,0.463,13.6,38.1,0.356,27.8,51.2,0.544,15.9,20.5,0.775,11.2,31.8,43.0,27.3,8.2,4.2,13.7,19.2,112.2,27.0,LAL,50-32,15.0,27.7,200785985.0,-60197985.0,182745885.0,108760785.0,5514986.0,1610612747.0,50.0
139,20.0,Los Angeles Clippers,82,241.5,41.6,86.3,0.482,12.5,33.4,0.373,29.1,52.9,0.55,17.3,21.7,0.797,10.3,33.5,43.8,25.2,9.4,4.5,14.9,18.3,112.9,2024,4.0,82,241.5,39.5,85.8,0.461,13.0,37.0,0.35,26.5,48.7,0.545,16.2,21.0,0.772,9.7,31.8,41.5,25.7,8.8,4.3,15.0,17.8,108.2,14.0,LAC,50-32,15.0,27.7,174670238.0,-34082238.0,166986734.0,102101025.0,3733720.0,1610612746.0,50.0
140,21.0,Utah Jazz,82,241.5,40.3,88.7,0.454,14.0,39.8,0.35,26.4,48.8,0.54,17.3,22.4,0.774,12.0,33.4,45.4,25.5,6.8,4.4,17.2,18.9,111.9,2024,30.0,82,241.5,44.6,93.0,0.48,14.9,41.5,0.358,29.7,51.5,0.577,17.2,22.6,0.763,11.7,32.6,44.2,29.6,9.8,6.4,11.8,19.3,121.2,3.0,UTA,17-65,15.0,23.9,154114022.0,-13526022.0,142648013.0,86906400.0,11466009.0,1610612762.0,17.0
141,22.0,Toronto Raptors,82,241.5,41.6,91.0,0.458,11.8,34.0,0.348,29.8,57.0,0.523,15.8,21.1,0.748,12.6,32.5,45.1,28.5,8.1,4.2,15.3,21.2,110.9,2024,18.0,82,241.5,41.2,88.3,0.466,13.2,37.7,0.349,28.0,50.6,0.554,19.6,25.2,0.778,11.5,33.5,45.0,25.9,9.2,5.9,15.1,18.1,115.2,17.0,TOR,30-52,15.0,24.9,178496026.0,-37908026.0,154302912.0,94310843.0,16405595.0,1610612761.0,30.0
142,23.0,Portland Trail Blazers,82,241.2,40.5,90.2,0.45,12.9,37.7,0.342,27.7,52.5,0.527,16.9,22.2,0.762,13.4,31.4,44.8,23.8,8.3,5.3,16.0,19.0,110.9,2024,15.0,82,241.2,41.6,88.3,0.471,12.7,35.2,0.361,28.9,53.1,0.544,18.0,22.5,0.799,11.9,32.3,44.2,26.2,9.5,5.5,15.5,19.3,113.9,15.0,POR,36-46,15.0,23.9,176848446.0,-36260446.0,165518581.0,89691087.0,1568032.0,1610612757.0,36.0
143,24.0,Miami Heat,82,243.0,40.5,87.0,0.465,13.7,37.3,0.367,26.8,49.7,0.538,16.0,20.2,0.791,9.7,33.7,43.4,26.4,8.1,3.8,13.6,15.5,110.6,2024,7.0,82,243.0,41.3,88.6,0.466,13.6,37.9,0.36,27.6,50.6,0.545,13.9,17.9,0.776,10.7,33.9,44.7,26.5,7.5,4.7,13.8,17.0,110.0,19.0,MIA,37-45,15.0,26.6,179350729.0,-38762729.0,173088172.0,90125126.0,0.0,1610612748.0,37.0
144,25.0,New Orleans Pelicans,82,240.9,40.6,89.9,0.452,12.0,34.6,0.347,28.6,55.2,0.518,16.5,21.9,0.754,12.1,31.5,43.6,25.8,8.5,5.2,14.6,18.3,109.8,2024,26.0,82,240.9,43.7,90.5,0.483,14.6,40.1,0.365,29.1,50.4,0.578,17.2,21.9,0.786,11.9,33.9,45.7,28.6,9.0,5.2,14.0,17.9,119.3,20.0,NOP,21-61,15.0,24.3,182966321.0,-42378321.0,167934095.0,98876138.0,2715108.0,1610612740.0,21.0
145,26.0,Philadelphia 76ers,82,241.5,39.7,87.4,0.454,12.7,37.2,0.341,27.0,50.2,0.537,17.5,22.5,0.78,10.4,29.4,39.8,23.2,9.2,4.5,13.6,19.0,109.6,2024,21.0,82,241.5,42.4,86.8,0.488,14.2,37.6,0.378,28.1,49.2,0.572,16.9,21.2,0.794,11.5,34.0,45.5,28.3,7.4,5.1,16.0,18.7,115.8,9.0,PHI,24-58,15.0,26.6,170340647.0,-29752647.0,169548876.0,135768738.0,791771.0,1610612755.0,24.0
146,27.0,Washington Wizards,82,240.6,39.4,89.9,0.439,13.1,39.1,0.335,26.3,50.7,0.519,16.0,20.6,0.778,10.6,33.1,43.7,25.1,7.6,5.1,15.6,19.7,108.0,2024,29.0,82,240.6,43.7,92.8,0.471,14.3,39.2,0.364,29.4,53.6,0.549,18.8,23.7,0.793,12.9,36.0,48.9,28.5,9.1,5.2,13.3,18.2,120.4,28.0,WAS,18-64,15.0,24.5,211677970.0,-71089970.0,162581956.0,83151786.0,7021331.0,1610612764.0,18.0
147,28.0,Orlando Magic,82,240.6,38.2,85.8,0.445,11.2,35.3,0.318,26.9,50.5,0.533,17.9,23.0,0.775,11.1,30.7,41.8,23.0,8.9,6.0,14.2,20.1,105.4,2024,1.0,82,240.6,38.1,81.5,0.468,11.4,31.4,0.365,26.7,50.1,0.532,17.9,23.4,0.766,9.2,33.0,42.1,22.8,7.7,4.4,16.2,20.3,105.5,2.0,ORL,41-41,15.0,25.3,152959238.0,-12371238.0,152959238.0,63257000.0,0.0,1610612753.0,41.0
148,29.0,Charlotte Hornets,82,240.9,38.3,89.1,0.43,13.0,38.3,0.339,25.3,50.8,0.499,15.5,19.8,0.783,12.2,33.0,45.2,24.3,7.4,4.5,15.5,18.7,105.1,2024,16.0,82,240.9,41.6,88.9,0.467,14.2,40.0,0.355,27.4,49.0,0.559,16.9,21.4,0.79,11.3,33.9,45.2,26.8,8.8,5.3,13.3,18.1,114.2,6.0,CHA,19-63,15.0,25.2,167423486.0,-26835486.0,152436862.0,80445913.0,14986624.0,1610612766.0,19.0
149,30.0,Brooklyn Nets,82,241.2,37.6,86.1,0.437,13.6,39.4,0.344,24.1,46.7,0.515,16.3,20.7,0.787,10.9,30.4,41.3,25.2,7.8,4.3,15.2,20.7,105.1,2024,10.0,82,241.2,40.5,84.3,0.48,12.9,35.7,0.362,27.5,48.5,0.567,18.4,23.6,0.779,10.1,33.6,43.7,27.1,8.0,5.6,15.0,18.9,112.2,18.0,BKN,26-56,15.0,23.8,178836132.0,-38248132.0,112077151.0,69311624.0,58408905.0,1610612751.0,26.0
150,1.0,Denver Nuggets,66,243.0,39.0,81.9,0.476,6.6,19.9,0.332,32.4,62.0,0.522,19.6,26.7,0.735,11.2,31.9,43.1,24.0,8.2,5.0,15.4,19.7,104.1,2011,29.0,66,243.0,38.5,84.4,0.456,8.7,22.6,0.383,29.8,61.8,0.483,15.6,20.5,0.759,11.1,29.2,40.3,23.2,7.9,6.7,15.6,22.0,101.2,9.0,DEN,50-32,15.0,25.9,57150022.0,893978.0,52473071.0,21783928.0,4676951.0,1610612743.0,50.0
151,2.0,San Antonio Spurs,66,241.5,39.6,82.8,0.478,8.4,21.3,0.393,31.2,61.5,0.507,16.2,21.6,0.748,10.3,32.6,43.0,23.2,7.4,4.4,13.6,17.3,103.7,2011,16.0,66,241.5,38.1,84.2,0.452,6.2,17.7,0.353,31.8,66.6,0.478,14.1,18.7,0.756,10.3,30.9,41.2,19.6,7.4,5.0,13.7,18.8,96.5,26.0,SAS,61-21,15.0,26.7,73774561.0,-15730561.0,70554725.0,46645657.0,3219836.0,1610612759.0,61.0
152,3.0,Oklahoma City Thunder,66,242.3,37.3,79.2,0.471,7.2,20.0,0.358,30.2,59.3,0.509,21.3,26.4,0.806,11.0,32.7,43.7,18.5,7.5,8.2,16.3,20.5,103.1,2011,17.0,66,242.3,36.4,85.3,0.427,6.4,18.7,0.342,30.1,66.6,0.451,17.7,23.0,0.768,12.7,28.6,41.3,19.9,8.2,4.9,14.2,20.0,96.9,12.0,OKC,55-27,15.0,26.2,61831253.0,-3787253.0,56856253.0,27712673.0,4975000.0,1610612760.0,55.0
153,4.0,Utah Jazz,66,244.9,38.2,83.8,0.456,4.1,12.8,0.323,34.1,71.0,0.48,19.1,25.3,0.754,13.0,31.1,44.2,21.8,8.3,5.8,14.2,21.8,99.7,2011,23.0,66,244.9,36.4,80.5,0.453,6.5,19.1,0.34,29.9,61.4,0.488,19.7,26.2,0.754,11.0,30.1,41.2,20.5,7.5,5.7,14.7,20.7,99.0,10.0,UTA,39-43,15.0,26.1,58183391.0,-139391.0,58114489.0,31422435.0,68902.0,1610612762.0,39.0
154,5.0,Milwaukee Bucks,66,240.4,37.9,85.6,0.443,6.6,19.2,0.345,31.3,66.5,0.471,16.6,21.4,0.774,12.4,30.0,42.5,23.5,8.3,5.1,14.1,19.3,99.0,2011,22.0,66,240.4,37.1,82.6,0.449,6.6,18.9,0.351,30.5,63.7,0.478,17.9,23.3,0.769,12.3,32.4,44.7,21.7,7.6,4.5,15.9,19.4,98.7,19.0,MIL,35-47,15.0,26.3,66354411.0,-8310411.0,65940004.0,27425400.0,414407.0,1610612749.0,35.0
155,6.0,Sacramento Kings,66,241.1,37.7,86.5,0.436,6.2,19.7,0.316,31.5,66.8,0.471,17.1,23.2,0.736,13.4,29.5,42.9,19.3,8.5,4.9,14.4,19.5,98.8,2011,30.0,66,241.1,40.4,85.0,0.476,6.7,18.7,0.355,33.8,66.3,0.51,16.9,22.2,0.762,12.3,32.6,45.0,23.8,7.8,6.4,15.4,19.9,104.4,1.0,SAC,24-58,13.0,23.9,36652311.0,21391689.0,36583409.0,17025610.0,68902.0,1610612758.0,24.0
156,7.0,Miami Heat,66,243.0,37.1,79.0,0.469,5.6,15.6,0.359,31.5,63.4,0.496,18.8,24.2,0.775,10.4,31.2,41.6,20.0,8.9,5.4,15.2,19.4,98.5,2011,4.0,66,243.0,34.6,79.8,0.434,7.3,20.0,0.363,27.4,59.8,0.457,16.0,22.1,0.725,11.0,28.7,39.8,19.7,8.3,4.2,16.8,20.5,92.5,29.0,MIA,58-24,14.0,28.6,78613056.0,-20569056.0,72439844.0,47557000.0,6173212.0,1610612748.0,58.0
157,8.0,Phoenix Suns,66,240.0,37.8,82.5,0.458,6.7,19.6,0.343,31.1,62.9,0.494,16.0,21.2,0.757,10.9,30.8,41.7,22.5,6.5,5.5,14.1,18.7,98.4,2011,21.0,66,240.0,38.0,83.5,0.455,6.0,17.1,0.352,31.9,66.3,0.481,16.7,21.9,0.762,12.2,31.3,43.4,21.5,8.0,4.4,14.1,19.6,98.6,14.0,PHX,40-42,13.0,28.5,64909904.0,-6865904.0,56292681.0,24979702.0,8617223.0,1610612756.0,40.0
158,9.0,Houston Rockets,66,243.4,37.7,84.0,0.449,7.2,20.2,0.359,30.5,63.8,0.477,15.4,19.7,0.782,11.7,30.5,42.2,21.3,7.5,4.8,14.5,20.4,98.1,2011,19.0,66,243.4,37.5,82.2,0.456,5.6,17.2,0.325,31.9,65.0,0.491,17.3,22.6,0.766,11.0,30.7,41.8,20.0,7.5,5.2,14.7,18.4,97.9,3.0,HOU,43-39,14.0,25.3,49625800.0,8418200.0,43444237.0,27111633.0,6181563.0,1610612745.0,43.0
159,10.0,Minnesota Timberwolves,66,241.5,35.7,82.3,0.433,7.2,21.6,0.332,28.5,60.8,0.469,19.4,25.2,0.771,12.1,31.7,43.7,19.5,6.6,4.4,15.2,18.4,97.9,2011,25.0,66,241.5,39.0,85.7,0.455,6.2,18.1,0.34,32.8,67.6,0.486,16.0,21.2,0.755,11.7,31.8,43.4,21.5,8.3,5.7,13.3,21.7,100.1,7.0,MIN,17-65,15.0,24.1,55406532.0,2637468.0,55406532.0,15081926.0,0.0,1610612750.0,17.0
160,11.0,Golden State Warriors,66,241.1,37.7,82.5,0.457,7.9,20.5,0.388,29.8,62.0,0.48,14.4,18.7,0.77,9.7,29.5,39.2,22.3,8.0,5.5,13.9,21.4,97.8,2011,28.0,66,241.1,37.3,82.3,0.453,7.1,19.4,0.365,30.2,62.9,0.48,19.5,26.1,0.747,13.2,32.7,45.8,23.1,7.6,5.0,14.8,16.6,101.2,8.0,GSW,36-46,15.0,24.9,56742440.0,1301560.0,56293485.0,31610000.0,448955.0,1610612744.0,36.0
161,12.0,New York Knicks,66,241.5,35.8,80.8,0.443,7.8,23.3,0.336,28.0,57.5,0.487,18.3,24.8,0.741,11.3,30.5,41.7,20.1,9.4,4.2,16.0,21.1,97.8,2011,11.0,66,241.5,35.1,79.4,0.442,6.7,18.8,0.359,28.4,60.6,0.468,17.7,24.1,0.736,10.9,31.0,41.8,18.9,8.1,5.1,17.0,21.8,94.7,13.0,NYK,42-40,16.0,27.2,62224804.0,-4180804.0,60549804.0,49844117.0,1675000.0,1610612752.0,42.0
162,13.0,Indiana Pacers,66,242.3,35.7,81.4,0.438,5.9,16.1,0.368,29.7,65.3,0.455,20.4,26.1,0.782,12.5,31.4,43.9,18.6,7.9,5.4,14.0,21.7,97.7,2011,10.0,66,242.3,34.9,80.4,0.435,6.7,19.1,0.351,28.2,61.3,0.461,17.9,24.5,0.729,12.0,30.3,42.3,19.6,6.6,6.0,14.9,21.6,94.4,2.0,IND,37-45,14.0,25.8,44413746.0,13630254.0,44413746.0,25015904.0,0.0,1610612754.0,37.0
163,14.0,Los Angeles Clippers,66,241.9,37.0,81.3,0.455,7.8,21.8,0.357,29.2,59.5,0.49,15.8,23.3,0.68,12.1,29.4,41.6,21.0,8.4,4.8,13.3,21.2,97.5,2011,13.0,66,241.9,34.5,77.2,0.447,7.0,19.1,0.365,27.6,58.1,0.474,19.0,25.4,0.746,10.8,29.0,39.8,20.7,6.0,4.5,14.6,21.2,95.0,23.0,LAC,32-50,15.0,26.9,69573889.0,-11529889.0,68291339.0,34939209.0,1282550.0,1610612746.0,32.0
164,15.0,Los Angeles Lakers,66,243.4,36.8,80.6,0.457,5.5,16.8,0.326,31.3,63.7,0.491,18.2,24.1,0.756,12.1,34.1,46.2,22.5,5.9,5.3,15.1,16.8,97.3,2011,15.0,66,243.4,37.8,86.4,0.437,6.7,19.3,0.348,31.0,67.1,0.463,13.7,18.4,0.742,11.5,29.5,41.0,21.9,8.4,4.6,11.3,20.2,95.9,30.0,LAL,57-25,12.0,27.3,81659758.0,-23615758.0,81371048.0,58858643.0,288710.0,1610612747.0,57.0
165,16.0,Portland Trail Blazers,66,241.9,36.4,82.1,0.443,7.2,20.9,0.346,29.2,61.1,0.477,17.2,21.6,0.796,11.1,29.5,40.7,20.4,8.0,4.9,14.2,19.0,97.2,2011,18.0,66,241.9,37.5,81.0,0.463,6.7,18.4,0.363,30.8,62.6,0.492,16.1,21.5,0.747,11.1,31.2,42.3,21.1,7.6,4.8,14.9,19.8,97.8,17.0,POR,48-34,14.0,27.5,66140347.0,-8096347.0,52595520.0,31003500.0,13544827.0,1610612757.0,48.0
166,17.0,Atlanta Hawks,66,244.9,36.8,81.0,0.454,7.5,20.2,0.37,29.3,60.9,0.482,15.5,21.0,0.74,9.9,31.3,41.2,22.4,8.1,4.6,14.0,17.8,96.6,2011,6.0,66,244.9,36.1,81.3,0.444,5.9,17.2,0.344,30.1,64.1,0.47,15.1,20.1,0.753,10.8,31.5,42.3,20.5,7.5,4.7,15.1,19.1,93.2,25.0,ATL,44-38,15.0,28.6,71683612.0,-13639612.0,71453928.0,42438573.0,229684.0,1610612737.0,44.0
167,18.0,Chicago Bulls,66,241.5,37.4,82.8,0.452,6.3,16.9,0.375,31.0,65.8,0.471,15.2,21.1,0.722,13.9,32.8,46.7,23.1,6.9,5.9,14.0,17.3,96.3,2011,1.0,66,241.5,34.6,82.1,0.421,4.6,14.2,0.325,30.0,67.9,0.442,14.3,19.4,0.74,11.4,28.6,40.0,18.9,7.4,5.2,13.3,17.7,88.2,24.0,CHI,62-20,16.0,29.0,70787864.0,-12743864.0,68705989.0,37825000.0,2081875.0,1610612741.0,62.0
168,19.0,Dallas Mavericks,66,243.4,36.3,82.0,0.443,7.5,22.2,0.339,28.8,59.8,0.482,15.6,20.2,0.771,10.1,32.7,42.8,20.9,8.6,5.1,14.0,18.6,95.8,2011,12.0,66,243.4,35.6,81.7,0.435,7.2,20.7,0.346,28.4,60.9,0.466,16.5,22.1,0.75,11.0,32.9,43.9,20.5,8.5,4.0,14.7,18.4,94.8,27.0,DAL,57-25,14.0,29.5,75210420.0,-17166420.0,74325300.0,40651373.0,885120.0,1610612742.0,57.0
169,20.0,Memphis Grizzlies,66,241.5,36.7,82.2,0.447,4.2,12.9,0.326,32.5,69.3,0.47,17.3,22.8,0.759,12.6,29.5,42.0,19.5,9.6,5.2,14.5,19.9,95.0,2011,5.0,66,241.5,34.5,77.8,0.444,6.3,18.3,0.345,28.2,59.4,0.474,17.6,23.1,0.764,11.0,29.6,40.7,19.3,7.8,5.5,17.1,19.3,93.0,20.0,MEM,46-36,16.0,25.5,67958273.0,-9914273.0,67634641.0,40221237.0,323632.0,1610612763.0,46.0
170,21.0,Orlando Magic,66,241.9,34.5,78.2,0.441,10.2,27.0,0.375,24.3,51.2,0.475,15.1,22.8,0.66,11.2,31.2,42.5,20.0,6.8,4.2,14.9,17.7,94.2,2011,8.0,66,241.9,35.9,80.1,0.449,6.3,18.1,0.347,29.7,62.0,0.478,15.2,19.7,0.772,10.1,31.2,41.3,20.5,7.5,4.1,13.1,19.8,93.4,22.0,ORL,52-30,16.0,26.5,69263593.0,-11219593.0,68849150.0,37707620.0,414443.0,1610612753.0,52.0
171,22.0,Washington Wizards,66,240.4,36.6,83.0,0.441,5.2,16.3,0.32,31.4,66.7,0.47,15.3,21.0,0.727,11.7,29.9,41.7,19.1,8.0,6.3,15.3,21.3,93.6,2011,20.0,66,240.4,36.7,81.1,0.453,6.5,18.4,0.35,30.2,62.7,0.483,18.6,24.5,0.758,12.3,31.2,43.5,21.5,7.9,4.5,15.2,18.7,98.4,21.0,WAS,23-59,16.0,24.5,68146670.0,-10102670.0,66701673.0,40927271.0,1444997.0,1610612764.0,23.0
172,23.0,Philadelphia 76ers,66,241.1,37.4,83.6,0.448,5.3,14.6,0.362,32.2,69.0,0.466,13.5,18.2,0.742,10.7,32.5,43.2,22.0,8.0,5.2,11.2,17.5,93.6,2011,3.0,66,241.1,34.3,80.3,0.427,5.4,16.2,0.334,28.9,64.1,0.45,15.4,20.5,0.752,10.7,33.0,43.7,19.6,5.9,4.8,13.9,16.2,89.4,15.0,PHI,41-41,12.0,24.2,65086919.0,-7042919.0,57855224.0,38069737.0,7231695.0,1610612755.0,41.0
173,24.0,New Jersey Nets,66,240.8,34.3,80.6,0.425,7.7,22.4,0.342,26.6,58.2,0.457,16.9,21.7,0.777,11.9,28.5,40.3,19.9,7.5,3.9,15.1,19.2,93.1,2011,24.0,66,240.8,37.9,80.2,0.472,6.5,17.4,0.374,31.4,62.8,0.5,16.8,22.6,0.74,11.8,30.8,42.6,23.3,8.0,5.0,14.3,19.3,99.1,,,,,,,,,,0.0,,
174,25.0,Cleveland Cavaliers,66,241.9,34.3,81.2,0.422,6.7,19.3,0.346,27.6,61.9,0.446,17.8,24.9,0.716,12.7,29.5,42.3,19.8,7.1,4.0,15.4,20.0,93.0,2011,26.0,66,241.9,38.4,82.3,0.467,6.8,18.7,0.362,31.6,63.6,0.498,16.6,22.2,0.748,11.4,31.4,42.8,23.1,7.9,6.2,13.9,20.9,100.2,4.0,CLE,19-63,15.0,25.9,50463174.0,7580826.0,47995047.0,28456715.0,2468127.0,1610612739.0,19.0
175,26.0,Boston Celtics,66,241.5,35.5,77.1,0.46,5.5,15.0,0.367,30.0,62.1,0.483,15.4,19.8,0.778,7.7,31.1,38.8,23.6,7.5,5.5,14.8,19.9,91.8,2011,2.0,66,241.5,33.4,79.7,0.419,5.2,16.9,0.308,28.2,62.8,0.449,17.2,22.7,0.76,11.8,31.4,43.2,18.7,7.8,4.6,15.7,18.4,89.3,28.0,BOS,56-26,17.0,28.3,76544614.0,-18500614.0,76053505.0,46625833.0,491109.0,1610612738.0,56.0
176,27.0,Detroit Pistons,66,241.9,34.7,79.3,0.438,4.8,13.9,0.346,29.9,65.4,0.457,16.6,22.1,0.752,11.7,28.5,40.3,18.7,7.0,4.2,15.7,19.6,90.9,2011,14.0,66,241.9,36.0,78.0,0.462,6.0,16.9,0.355,30.0,61.1,0.492,17.6,23.0,0.765,10.7,30.1,40.7,22.5,8.5,5.3,14.5,19.4,95.7,18.0,DET,30-52,14.0,26.3,66303080.0,-8259080.0,57872787.0,27640000.0,8430293.0,1610612765.0,30.0
177,28.0,Toronto Raptors,66,241.9,34.4,78.1,0.44,5.5,16.3,0.34,28.8,61.8,0.467,16.4,21.4,0.77,10.6,31.4,42.0,20.9,6.5,4.9,15.2,23.2,90.7,2011,9.0,66,241.9,33.8,77.7,0.435,6.1,18.5,0.328,27.8,59.2,0.469,20.2,27.2,0.744,10.3,30.3,40.5,20.1,7.2,4.9,13.2,18.4,94.0,6.0,TOR,22-60,13.0,25.5,53148082.0,4895918.0,50693030.0,26630992.0,2455052.0,1610612761.0,22.0
178,29.0,New Orleans Hornets,66,241.5,34.8,77.3,0.451,3.9,11.8,0.333,30.9,65.5,0.472,16.0,21.2,0.757,11.0,30.2,41.1,20.7,7.4,4.8,15.5,20.1,89.6,2011,7.0,66,241.5,34.9,78.6,0.444,6.4,20.3,0.317,28.5,58.3,0.489,17.1,22.5,0.759,11.1,28.9,40.0,20.9,7.9,5.8,13.9,18.7,93.4,,,,,,,,,,0.0,,
179,30.0,Charlotte Bobcats,66,240.8,33.2,80.2,0.414,4.0,13.5,0.295,29.2,66.7,0.439,16.5,22.2,0.746,10.3,28.7,39.0,20.1,6.0,5.5,14.5,18.9,87.0,2011,27.0,66,240.8,38.9,82.0,0.475,6.2,17.3,0.356,32.8,64.7,0.506,16.9,22.5,0.75,11.8,33.2,45.0,23.3,7.6,5.7,13.5,20.3,100.9,,,,,,,,,,0.0,,
180,1.0,Denver Nuggets,82,240.3,38.4,80.6,0.476,8.1,20.8,0.388,30.3,59.9,0.506,22.7,29.6,0.765,9.6,32.3,42.0,22.1,7.4,4.3,14.1,21.0,107.5,2010,21.0,82,240.3,38.5,83.9,0.459,7.0,20.4,0.344,31.4,63.4,0.495,18.8,24.8,0.756,10.5,30.8,41.3,22.2,7.5,6.0,13.7,22.7,102.7,26.0,DEN,53-29,14.0,26.0,83866762.0,-25826762.0,83866762.0,45054697.0,0.0,1610612743.0,53.0
181,2.0,New York Knicks,82,241.2,38.3,83.7,0.457,9.3,25.4,0.368,29.0,58.4,0.496,20.6,25.5,0.809,10.3,30.1,40.5,21.4,7.6,5.8,13.7,21.3,106.5,2010,27.0,82,241.2,39.5,83.8,0.472,6.5,17.6,0.372,33.0,66.2,0.499,20.1,26.4,0.762,11.8,32.3,44.0,20.5,7.1,4.4,15.2,20.8,105.7,5.0,NYK,29-53,10.0,26.7,46184167.0,11855833.0,45236959.0,33636611.0,0.0,1610612752.0,29.0
182,3.0,Houston Rockets,82,242.4,38.7,85.1,0.454,8.3,22.5,0.367,30.4,62.6,0.486,20.3,25.4,0.801,11.7,31.1,42.8,23.8,7.1,4.5,13.5,20.0,105.9,2010,22.0,82,242.4,39.8,85.1,0.468,5.5,15.2,0.358,34.4,69.9,0.492,18.6,23.8,0.781,11.6,31.1,42.8,20.8,7.2,5.5,13.7,21.4,103.7,21.0,HOU,42-40,13.0,25.5,68517503.0,-10477503.0,68517503.0,36061483.0,0.0,1610612745.0,42.0
183,4.0,Phoenix Suns,82,244.0,39.3,83.5,0.47,8.5,22.6,0.377,30.7,60.8,0.505,18.0,23.6,0.759,10.0,30.2,40.2,23.7,6.6,4.4,14.3,20.3,105.0,2010,29.0,82,244.0,40.4,85.6,0.472,7.1,19.5,0.367,33.2,66.1,0.502,18.1,24.0,0.754,12.0,32.3,44.3,23.0,7.9,4.3,14.5,21.2,105.9,17.0,PHX,54-28,12.0,28.3,66852030.0,-8812030.0,66663472.0,34333313.0,188558.0,1610612756.0,54.0
184,5.0,Oklahoma City Thunder,82,244.0,37.4,80.6,0.464,5.9,17.1,0.347,31.5,63.5,0.495,24.1,29.3,0.823,11.0,31.8,42.8,20.4,8.0,5.9,14.1,22.4,104.8,2010,18.0,82,244.0,38.1,83.2,0.458,5.9,16.3,0.361,32.2,66.9,0.481,19.0,25.5,0.744,11.4,29.2,40.6,20.9,7.2,4.3,14.0,21.5,101.0,12.0,OKC,50-32,15.0,24.6,59087679.0,-1047679.0,59087679.0,26830520.0,0.0,1610612760.0,50.0
185,6.0,San Antonio Spurs,82,241.2,38.4,80.8,0.475,8.4,21.1,0.397,30.0,59.8,0.503,18.5,24.2,0.767,10.1,31.7,41.9,22.4,7.3,4.5,13.4,19.0,103.7,2010,14.0,82,241.2,38.1,83.7,0.456,5.8,15.9,0.367,32.3,67.7,0.477,15.9,20.7,0.766,10.8,30.4,41.2,20.5,6.9,4.6,13.4,20.7,98.0,20.0,SAS,50-32,13.0,27.6,68510097.0,-10470097.0,68291726.0,44189965.0,218371.0,1610612759.0,50.0
186,7.0,Golden State Warriors,82,241.8,39.6,85.9,0.461,8.4,21.3,0.392,31.3,64.6,0.484,15.7,20.7,0.761,11.6,28.9,40.5,22.5,9.0,5.0,14.6,22.0,103.4,2010,28.0,82,241.8,38.7,82.8,0.467,6.9,19.3,0.358,31.8,63.4,0.501,21.4,27.6,0.776,12.8,32.0,44.8,24.7,8.2,4.3,16.1,18.4,105.7,22.0,GSW,26-56,16.0,25.4,69339251.0,-11299251.0,69339251.0,33768253.0,0.0,1610612744.0,26.0
187,8.0,Miami Heat,82,241.2,37.0,76.8,0.481,6.7,18.0,0.37,30.3,58.8,0.515,21.5,27.9,0.769,9.6,32.5,42.1,20.0,6.6,5.2,13.9,20.4,102.1,2010,6.0,82,241.2,35.0,80.7,0.434,6.7,19.3,0.345,28.3,61.3,0.462,18.0,24.1,0.744,10.5,28.6,39.2,20.1,7.0,3.0,13.2,21.8,94.6,16.0,MIA,47-35,16.0,28.1,64972404.0,-6932404.0,63181658.0,43000000.0,1790746.0,1610612748.0,47.0
188,9.0,Los Angeles Lakers,82,241.8,38.1,82.4,0.463,6.4,18.1,0.352,31.8,64.3,0.494,18.8,24.1,0.779,12.1,31.9,44.0,22.0,7.3,5.1,13.1,19.0,101.5,2010,8.0,82,241.8,36.7,84.0,0.437,6.8,20.3,0.335,29.9,63.7,0.469,15.2,19.9,0.765,12.2,29.3,41.5,22.3,7.1,4.5,13.6,20.7,95.4,29.0,LAL,57-25,14.0,28.8,89617037.0,-31577037.0,89617037.0,56329250.0,0.0,1610612747.0,57.0
189,10.0,Minnesota Timberwolves,82,241.2,37.7,85.5,0.441,7.2,19.1,0.376,30.5,66.5,0.459,18.5,24.1,0.768,13.2,31.2,44.4,20.1,7.2,5.1,17.0,22.3,101.1,2010,30.0,82,241.2,39.4,84.2,0.468,7.8,20.8,0.374,31.6,63.4,0.499,21.1,27.2,0.778,11.1,31.4,42.6,24.8,9.5,5.5,14.4,20.9,107.7,4.0,MIN,15-67,12.0,24.0,45057768.0,12982232.0,44974463.0,20474103.0,83305.0,1610612750.0,15.0
190,11.0,Dallas Mavericks,82,240.3,37.4,78.8,0.475,7.9,21.6,0.365,29.6,57.3,0.516,17.5,22.6,0.777,9.5,31.9,41.4,23.8,6.8,4.3,14.0,19.2,100.2,2010,10.0,82,240.3,36.5,81.2,0.45,6.2,18.0,0.343,30.3,63.1,0.481,16.7,22.3,0.75,10.7,30.0,40.7,20.6,7.6,3.7,13.6,20.1,96.0,27.0,DAL,55-27,14.0,28.5,86572655.0,-28532655.0,86522397.0,40678618.0,50258.0,1610612742.0,55.0
191,12.0,Memphis Grizzlies,82,242.4,39.0,82.9,0.471,3.8,11.3,0.334,35.3,71.6,0.492,18.1,24.2,0.75,11.8,29.2,41.0,20.6,9.4,5.4,14.0,20.8,99.9,2010,13.0,82,242.4,36.2,79.1,0.457,7.2,19.4,0.369,29.0,59.7,0.486,18.1,23.8,0.761,11.0,29.1,40.1,21.0,7.5,6.2,16.7,21.4,97.6,14.0,MEM,40-42,15.0,24.8,63223932.0,-5183932.0,63223932.0,38624917.0,0.0,1610612763.0,40.0
192,13.0,Indiana Pacers,82,241.2,36.6,82.8,0.442,7.1,20.2,0.354,29.5,62.6,0.471,19.4,24.8,0.782,11.1,32.4,43.5,19.6,7.1,5.6,15.4,21.7,99.8,2010,17.0,82,241.2,37.5,83.4,0.449,6.2,17.4,0.359,31.2,66.0,0.473,19.7,26.3,0.75,11.4,31.9,43.3,20.4,7.5,5.7,13.9,21.4,100.9,8.0,IND,32-50,12.0,25.3,48794305.0,9245695.0,43285121.0,29035186.0,5509184.0,1610612754.0,32.0
193,14.0,Utah Jazz,82,242.4,37.4,80.4,0.465,5.3,15.3,0.346,32.1,65.0,0.493,19.4,25.1,0.771,11.0,28.5,39.5,23.4,7.7,5.9,14.3,22.7,99.4,2010,19.0,82,242.4,36.2,78.8,0.459,7.2,19.2,0.376,29.0,59.6,0.486,21.7,27.9,0.778,11.3,29.6,40.9,20.7,7.4,5.0,14.6,22.0,101.3,30.0,UTA,53-29,15.0,25.7,90129071.0,-32089071.0,90129071.0,45762339.0,0.0,1610612762.0,53.0
194,15.0,Sacramento Kings,82,242.1,38.2,85.1,0.449,5.2,15.6,0.335,33.0,69.5,0.475,17.7,24.2,0.734,13.1,30.8,43.9,20.4,7.4,4.8,16.1,22.0,99.4,2010,24.0,82,242.1,39.8,83.2,0.478,5.9,16.5,0.355,33.9,66.7,0.508,19.4,25.4,0.762,10.6,30.6,41.2,21.7,8.1,5.7,14.7,21.0,104.7,2.0,SAC,25-57,11.0,24.3,41311876.0,16728124.0,40838272.0,25406729.0,0.0,1610612758.0,25.0
195,16.0,Orlando Magic,82,241.8,36.0,78.2,0.461,9.4,25.6,0.366,26.7,52.5,0.507,17.7,25.6,0.692,10.5,32.7,43.2,20.0,6.7,4.7,14.9,20.0,99.2,2010,4.0,82,241.8,34.9,80.1,0.436,6.3,18.0,0.35,28.6,62.1,0.461,17.6,23.7,0.743,9.8,29.9,39.7,20.1,7.4,3.8,13.9,21.8,93.7,28.0,ORL,59-23,13.0,26.7,88497177.0,-30457177.0,88497177.0,48822317.0,0.0,1610612753.0,59.0
196,17.0,Toronto Raptors,82,241.2,38.3,82.4,0.465,4.2,13.3,0.316,34.1,69.1,0.494,18.2,24.1,0.755,11.7,28.6,40.3,21.9,7.1,4.3,14.7,22.0,99.1,2010,26.0,82,241.2,39.2,81.3,0.482,6.6,17.5,0.376,32.6,63.8,0.511,20.4,26.5,0.769,11.1,30.0,41.1,22.6,7.6,5.6,13.9,19.8,105.4,10.0,TOR,40-42,13.0,25.0,54280455.0,3759545.0,54280455.0,24600000.0,0.0,1610612761.0,40.0
197,18.0,Philadelphia 76ers,82,243.0,38.1,82.6,0.461,5.4,15.2,0.355,32.7,67.4,0.485,17.4,22.6,0.77,10.4,31.4,41.8,22.7,7.6,4.3,13.0,19.4,99.0,2010,12.0,82,243.0,36.5,81.0,0.451,5.7,16.8,0.34,30.8,64.2,0.48,18.7,24.2,0.773,10.7,31.8,42.5,21.5,7.1,4.6,14.2,18.8,97.5,9.0,PHI,27-55,9.0,23.9,50852025.0,7187975.0,49371793.0,33304349.0,59420.0,1610612755.0,27.0
198,19.0,Los Angeles Clippers,82,242.1,36.8,80.4,0.457,6.3,18.5,0.338,30.5,61.9,0.493,18.9,26.7,0.707,11.6,30.5,42.1,22.1,7.1,4.9,16.4,21.1,98.6,2010,20.0,82,242.1,37.1,81.6,0.455,7.1,19.5,0.365,30.0,62.1,0.484,20.4,26.4,0.771,11.1,29.4,40.5,22.3,8.0,4.9,13.7,22.1,101.8,3.0,LAC,29-53,11.0,24.7,44246610.0,13793390.0,43773006.0,25957280.0,0.0,1610612746.0,29.0
199,20.0,Chicago Bulls,82,241.8,37.1,80.3,0.462,6.2,17.3,0.361,30.9,63.1,0.489,18.2,24.5,0.743,11.8,32.4,44.2,22.3,7.2,5.7,14.2,20.0,98.6,2010,2.0,82,241.8,34.2,79.5,0.43,5.2,16.0,0.326,29.0,63.6,0.456,17.7,23.1,0.764,10.1,28.3,38.4,19.0,6.9,5.8,14.1,20.1,91.3,11.0,CHI,41-41,14.0,27.1,54947828.0,3092172.0,54762711.0,31291160.0,185117.0,1610612741.0,41.0
200,21.0,Washington Wizards,82,243.0,37.2,84.0,0.443,4.8,14.4,0.332,32.4,69.6,0.465,18.2,24.4,0.745,12.4,29.0,41.3,19.4,8.1,6.1,15.3,22.6,97.3,2010,25.0,82,243.0,38.7,82.2,0.471,6.8,18.3,0.373,31.9,63.9,0.499,20.4,26.9,0.761,12.1,31.8,43.9,23.1,7.6,5.0,15.8,20.3,104.7,7.0,WAS,26-56,10.0,24.7,48614017.0,9425983.0,41981207.0,30617991.0,5685602.0,1610612764.0,26.0
201,22.0,Detroit Pistons,82,242.4,37.3,81.1,0.46,5.8,15.3,0.376,31.5,65.7,0.479,16.7,22.6,0.737,11.4,27.3,38.6,21.1,7.3,4.0,13.0,19.9,97.0,2010,16.0,82,242.4,37.9,78.1,0.486,6.4,17.8,0.358,31.5,60.3,0.523,18.3,23.9,0.766,10.6,30.1,40.7,23.3,6.9,4.6,14.1,18.8,100.6,15.0,DET,27-55,13.0,26.5,63784230.0,-5744230.0,63784230.0,34448760.0,0.0,1610612765.0,27.0
202,23.0,Boston Celtics,82,241.2,36.9,75.8,0.486,5.0,13.6,0.365,31.9,62.2,0.513,17.8,23.1,0.77,7.8,31.0,38.8,23.4,8.2,4.2,14.6,20.5,96.5,2010,1.0,82,241.2,33.8,77.7,0.434,5.4,15.9,0.34,28.4,61.8,0.459,18.2,24.1,0.756,10.5,29.1,39.6,18.7,7.0,4.4,15.4,20.2,91.1,23.0,BOS,50-32,11.0,28.6,69406140.0,-11366140.0,68475297.0,42708365.0,457239.0,1610612738.0,50.0
203,24.0,Portland Trail Blazers,82,241.5,36.0,80.5,0.447,6.3,18.3,0.345,29.7,62.1,0.477,18.0,22.4,0.804,12.1,27.2,39.3,21.2,8.0,4.4,13.0,19.3,96.3,2010,7.0,82,241.5,35.4,75.8,0.467,6.5,17.6,0.367,29.0,58.3,0.497,17.5,22.8,0.767,10.6,29.1,39.7,19.2,6.9,4.1,15.7,21.3,94.8,18.0,POR,50-32,13.0,25.2,67426713.0,-9386713.0,66664518.0,36514332.0,762195.0,1610612757.0,50.0
204,25.0,Cleveland Cavaliers,82,240.9,35.2,81.1,0.434,6.2,18.2,0.342,29.0,62.9,0.461,18.9,25.3,0.745,10.4,29.9,40.3,21.0,6.6,4.2,14.2,20.1,95.5,2010,23.0,82,240.9,39.4,83.0,0.475,8.1,19.7,0.411,31.3,63.3,0.495,17.5,23.1,0.759,10.9,32.6,43.5,24.2,7.5,6.0,13.5,21.3,104.5,6.0,CLE,61-21,12.0,25.0,48148715.0,9891285.0,48148715.0,33358905.0,0.0,1610612739.0,61.0
205,26.0,Atlanta Hawks,82,240.6,36.2,78.4,0.462,6.1,17.4,0.352,30.1,61.0,0.494,16.4,21.1,0.779,9.3,30.0,39.3,22.0,6.1,4.2,13.6,19.0,95.0,2010,9.0,82,240.6,36.7,79.7,0.46,5.6,16.6,0.338,31.1,63.2,0.492,16.8,21.7,0.774,10.2,30.3,40.6,21.4,6.7,4.2,12.5,18.5,95.8,24.0,ATL,53-29,15.0,26.3,69470010.0,-11430010.0,69410590.0,38004500.0,59420.0,1610612737.0,53.0
206,27.0,New Orleans Hornets,82,241.8,35.9,78.2,0.459,5.4,15.0,0.36,30.5,63.2,0.482,17.7,23.1,0.765,10.0,30.1,40.1,20.6,7.6,4.4,13.0,21.0,94.9,2010,5.0,82,241.8,35.1,76.9,0.457,6.8,19.0,0.357,28.4,57.9,0.49,17.0,22.0,0.77,9.4,30.0,39.3,21.2,6.1,4.8,14.5,20.4,94.0,,,,,,,,,,0.0,,
207,28.0,New Jersey Nets,82,244.0,35.6,81.0,0.44,5.6,16.3,0.343,30.0,64.6,0.464,17.4,22.9,0.759,11.1,29.8,40.8,21.0,5.6,4.7,14.0,22.0,94.2,2010,15.0,82,244.0,37.4,80.5,0.465,6.2,17.0,0.364,31.2,63.5,0.492,19.4,25.8,0.751,10.4,31.4,41.8,22.2,6.8,4.6,12.3,20.0,100.4,,,,,,,,,,0.0,,
208,29.0,Charlotte Bobcats,82,241.5,35.0,77.6,0.451,4.8,14.7,0.327,30.2,63.0,0.48,18.4,24.4,0.756,10.3,29.8,40.1,21.1,6.4,5.3,14.5,20.0,93.3,2010,11.0,82,241.5,36.0,79.2,0.455,7.0,19.6,0.359,29.0,59.5,0.487,18.2,23.3,0.78,9.8,29.8,39.6,21.7,7.3,6.0,13.2,21.1,97.3,,,,,,,,,,0.0,,
209,30.0,Milwaukee Bucks,82,241.8,34.3,79.8,0.43,5.9,17.2,0.342,28.4,62.6,0.454,17.4,22.9,0.757,10.5,30.2,40.8,18.8,7.5,4.9,13.5,20.5,91.9,2010,3.0,82,241.8,34.6,77.3,0.447,5.3,16.0,0.334,29.2,61.4,0.476,18.3,23.7,0.77,10.2,32.1,42.3,20.2,6.2,4.8,15.2,20.7,92.7,19.0,MIL,46-36,14.0,26.7,67570636.0,-9530636.0,67366734.0,38900000.0,203902.0,1610612749.0,46.0
210,1.0,Golden State Warriors,82,242.4,42.5,87.3,0.487,13.1,31.6,0.416,29.4,55.7,0.528,16.7,21.8,0.763,10.0,36.2,46.2,28.9,8.4,6.1,15.2,20.7,114.9,2015,19.0,82,242.4,38.9,89.4,0.435,7.8,23.5,0.332,31.1,65.9,0.472,18.6,24.5,0.757,11.4,32.5,43.9,22.2,8.7,4.1,14.5,19.8,104.1,29.0,GSW,67-15,15.0,27.3,104731006.0,-34731006.0,88868997.0,43561870.0,6908685.0,1610612744.0,67.0
211,2.0,Oklahoma City Thunder,82,241.8,41.1,86.4,0.476,8.3,23.7,0.349,32.9,62.6,0.524,19.7,25.2,0.782,13.1,35.6,48.6,23.0,7.4,5.9,15.9,20.6,110.2,2015,15.0,82,241.8,38.4,87.7,0.438,8.1,23.8,0.342,30.3,63.9,0.474,18.0,23.8,0.756,11.3,28.9,40.2,21.5,8.8,4.5,13.0,20.2,102.9,26.0,OKC,45-37,15.0,26.9,94712574.0,-24712574.0,93765298.0,53310340.0,0.0,1610612760.0,45.0
212,3.0,Sacramento Kings,82,241.5,40.0,86.4,0.464,8.0,22.4,0.359,32.0,64.0,0.5,18.5,25.5,0.725,10.6,33.7,44.2,24.5,8.9,4.5,16.2,20.4,106.6,2015,30.0,82,241.5,40.6,87.7,0.462,10.2,28.0,0.366,30.3,59.8,0.508,17.7,23.2,0.762,11.3,33.7,45.0,24.2,8.8,5.3,16.0,22.0,109.1,10.0,SAC,29-53,15.0,26.4,72671296.0,-2671296.0,71733666.0,37755051.0,937630.0,1610612758.0,29.0
213,4.0,Houston Rockets,82,241.8,37.7,83.5,0.452,10.7,30.9,0.347,27.0,52.6,0.514,20.4,29.4,0.694,11.3,31.7,43.1,22.2,10.0,5.2,15.9,21.8,106.5,2015,25.0,82,241.8,39.0,85.1,0.459,9.7,26.9,0.361,29.3,58.2,0.504,18.6,24.6,0.756,11.8,32.8,44.6,24.6,9.0,4.9,16.6,22.5,106.4,25.0,HOU,56-26,15.0,26.6,88387446.0,-18387446.0,75204953.0,46345177.0,13182493.0,1610612745.0,56.0
214,5.0,Boston Celtics,82,241.2,39.2,89.2,0.439,8.7,26.1,0.335,30.5,63.1,0.483,18.5,23.5,0.788,11.6,33.3,44.9,24.2,9.2,4.2,13.7,21.9,105.7,2015,13.0,82,241.2,37.5,85.0,0.441,7.8,23.3,0.336,29.7,61.7,0.481,19.7,26.0,0.755,11.4,34.6,46.0,20.9,7.6,5.5,16.4,21.0,102.5,17.0,BOS,40-42,15.0,24.3,79441671.0,-9441671.0,58250334.0,26643206.0,18916337.0,1610612738.0,40.0
215,6.0,Portland Trail Blazers,82,241.5,38.6,85.9,0.45,10.5,28.5,0.37,28.1,57.4,0.49,17.4,23.0,0.754,11.6,33.9,45.5,21.3,6.9,4.6,14.6,21.7,105.1,2015,20.0,82,241.5,38.4,84.7,0.453,8.5,23.0,0.371,29.8,61.7,0.484,19.0,26.0,0.734,10.6,33.1,43.7,21.6,7.7,5.2,13.3,19.5,104.3,5.0,POR,51-31,15.0,24.6,66562366.0,3437634.0,48301816.0,21023697.0,14185050.0,1610612757.0,51.0
216,7.0,Los Angeles Clippers,82,241.8,38.3,82.4,0.465,9.7,26.7,0.364,28.6,55.7,0.513,18.2,26.2,0.692,8.8,33.3,42.0,22.8,8.6,5.6,13.0,21.3,104.5,2015,7.0,82,241.8,36.8,84.7,0.434,7.9,23.3,0.338,28.9,61.4,0.471,18.8,25.1,0.751,11.8,34.9,46.7,21.2,7.1,3.2,15.4,22.5,100.2,27.0,LAC,56-26,15.0,29.1,99997773.0,-29997773.0,94554340.0,60065421.0,1586184.0,1610612746.0,56.0
217,8.0,Cleveland Cavaliers,82,242.1,38.7,84.0,0.46,10.7,29.6,0.362,27.9,54.4,0.514,16.3,21.7,0.748,10.6,33.9,44.5,22.7,6.7,3.9,13.6,20.3,104.3,2015,4.0,82,242.1,36.8,82.1,0.448,7.9,22.7,0.347,28.9,59.4,0.487,16.8,22.6,0.743,9.3,31.8,41.0,21.4,7.2,4.4,13.3,20.6,98.3,30.0,CLE,53-29,15.0,29.2,107975670.0,-37975670.0,106997506.0,59067000.0,30888.0,1610612739.0,53.0
218,9.0,Washington Wizards,82,240.9,39.5,85.8,0.46,8.6,24.2,0.358,30.8,61.6,0.501,16.5,22.5,0.73,9.1,32.8,41.8,24.5,8.6,3.9,14.5,20.8,104.1,2015,21.0,82,240.9,38.7,83.8,0.462,9.0,24.2,0.371,29.7,59.5,0.498,18.3,23.7,0.769,9.4,34.9,44.3,22.5,8.1,4.3,16.2,20.1,104.6,23.0,WAS,46-36,15.0,27.5,87133390.0,-17133390.0,76328636.0,40069341.0,7962926.0,1610612764.0,46.0
219,10.0,San Antonio Spurs,82,240.3,40.1,82.9,0.484,7.0,18.5,0.375,33.2,64.4,0.515,16.4,20.4,0.803,9.4,34.5,43.9,24.5,8.3,5.9,13.1,17.5,103.5,2015,1.0,82,240.3,35.7,81.8,0.436,6.6,19.9,0.331,29.1,61.9,0.47,14.9,19.6,0.758,9.1,31.4,40.5,20.8,7.2,3.9,14.8,19.5,92.9,24.0,SAS,55-27,15.0,31.2,87594996.0,-17594996.0,85192733.0,49534000.0,2402263.0,1610612759.0,55.0
220,11.0,Charlotte Hornets,82,242.1,37.0,84.4,0.439,10.6,29.4,0.362,26.4,55.0,0.479,18.7,23.7,0.79,9.0,35.0,43.9,21.7,7.3,5.3,12.5,18.1,103.4,2015,9.0,82,242.1,37.8,85.0,0.444,8.9,25.4,0.349,28.9,59.6,0.485,16.3,21.2,0.769,8.9,35.8,44.7,23.2,6.7,5.5,13.4,20.4,100.7,18.0,CHA,33-49,15.0,25.9,80426916.0,-10426916.0,78340920.0,38625307.0,191444.0,1610612766.0,33.0
221,12.0,Atlanta Hawks,82,241.8,38.6,84.4,0.458,9.9,28.4,0.35,28.7,56.1,0.512,15.6,20.0,0.783,8.3,33.8,42.1,25.6,9.1,5.9,15.0,19.1,102.8,2015,6.0,82,241.8,37.1,86.1,0.432,8.3,24.5,0.338,28.9,61.6,0.469,16.7,22.1,0.755,11.5,35.0,46.5,22.0,8.6,5.0,16.1,18.3,99.2,7.0,ATL,60-22,15.0,27.7,71407945.0,-1407945.0,71332945.0,39471659.0,75000.0,1610612737.0,60.0
222,13.0,Toronto Raptors,82,241.2,36.7,81.3,0.451,8.6,23.4,0.37,28.0,58.0,0.483,20.8,26.7,0.777,10.2,33.2,43.4,18.7,7.8,5.5,13.1,19.6,102.7,2015,3.0,82,241.2,36.5,82.1,0.444,8.7,23.4,0.373,27.7,58.7,0.473,16.5,22.1,0.748,9.5,31.2,40.8,21.7,6.5,5.4,13.3,22.0,98.2,15.0,TOR,49-33,15.0,25.6,74216787.0,-4216787.0,71217611.0,35750000.0,1097276.0,1610612761.0,49.0
223,14.0,New Orleans Pelicans,82,241.2,38.5,85.9,0.448,8.6,23.8,0.36,29.9,62.1,0.482,17.3,22.2,0.776,9.5,33.1,42.6,22.2,7.7,4.2,13.4,20.9,102.7,2015,26.0,82,241.2,39.2,83.9,0.468,9.2,24.9,0.369,30.0,59.0,0.51,18.8,24.0,0.783,8.9,35.5,44.4,23.2,7.3,5.2,13.7,19.9,106.5,19.0,NOP,45-37,18.0,26.5,81425760.0,-11425760.0,80164538.0,36844124.0,1261222.0,1610612740.0,45.0
224,15.0,Minnesota Timberwolves,82,242.4,37.7,81.3,0.464,5.5,16.4,0.338,32.2,64.9,0.496,21.4,27.0,0.792,10.0,31.5,41.6,23.4,8.0,4.6,15.0,20.7,102.4,2015,23.0,82,242.4,40.0,84.9,0.471,9.0,25.5,0.355,30.9,59.4,0.52,17.0,22.5,0.757,10.7,31.2,41.9,22.6,7.8,5.2,14.9,21.6,106.0,11.0,MIN,16-66,14.0,25.9,72747407.0,-2747407.0,59841104.0,33300000.0,10811751.0,1610612750.0,16.0
225,16.0,Dallas Mavericks,82,244.0,37.4,84.1,0.444,9.8,28.6,0.344,27.5,55.6,0.495,17.7,22.3,0.794,9.2,33.9,43.1,22.1,6.8,3.7,12.8,19.5,102.3,2015,14.0,82,244.0,38.3,85.0,0.451,9.1,26.5,0.342,29.3,58.5,0.5,16.9,22.8,0.738,10.6,35.2,45.8,22.0,7.5,4.4,13.9,21.4,102.6,14.0,DAL,50-32,15.0,29.5,74044137.0,-4044137.0,71198732.0,40102334.0,1898129.0,1610612742.0,50.0
226,17.0,Indiana Pacers,82,242.4,38.3,85.2,0.45,8.1,23.0,0.351,30.2,62.1,0.486,17.4,22.8,0.764,10.3,33.9,44.2,21.2,9.0,4.8,14.9,20.0,102.2,2015,8.0,82,242.4,37.4,84.9,0.44,8.3,24.8,0.334,29.1,60.1,0.484,17.4,23.2,0.751,10.7,33.8,44.5,20.8,7.7,4.5,15.8,20.4,100.5,9.0,IND,38-44,15.0,25.9,72413726.0,-2413726.0,66751826.0,35420106.0,5661900.0,1610612754.0,38.0
227,18.0,Orlando Magic,82,242.7,39.5,86.8,0.455,7.8,22.2,0.35,31.8,64.7,0.492,15.2,20.1,0.757,10.3,33.0,43.3,23.6,8.2,5.1,14.1,20.7,102.1,2015,18.0,82,242.7,38.4,83.5,0.46,8.9,24.9,0.359,29.5,58.6,0.503,17.9,24.0,0.746,10.1,34.1,44.3,23.2,7.6,5.5,15.1,18.3,103.7,2.0,ORL,25-57,15.0,24.6,64462856.0,5537144.0,61108745.0,27494497.0,3354111.0,1610612753.0,25.0
228,19.0,Detroit Pistons,82,242.4,37.9,86.4,0.439,9.0,26.2,0.345,28.9,60.2,0.48,17.1,25.5,0.668,12.5,33.9,46.3,19.4,7.0,3.7,13.5,19.0,102.0,2015,12.0,82,242.4,38.8,84.2,0.461,7.3,20.5,0.355,31.5,63.7,0.495,16.5,21.0,0.783,8.8,33.7,42.5,21.5,7.1,4.5,13.4,21.6,101.4,16.0,DET,32-50,14.0,25.9,75603690.0,-5603690.0,66217330.0,36413043.0,9386360.0,1610612765.0,32.0
229,20.0,Denver Nuggets,82,241.8,37.7,85.4,0.442,8.0,23.7,0.338,29.7,61.7,0.482,18.5,24.1,0.766,11.5,33.1,44.6,22.7,7.4,4.8,14.7,21.0,101.9,2015,22.0,82,241.8,38.8,84.2,0.461,9.2,24.8,0.371,29.6,59.4,0.498,18.2,23.9,0.761,9.7,32.9,42.7,23.5,8.0,6.3,13.7,20.9,105.0,8.0,DEN,30-52,15.0,25.3,71448753.0,-1448753.0,60186706.0,35685393.0,11262047.0,1610612743.0,30.0
230,21.0,Chicago Bulls,82,242.7,38.6,87.4,0.441,7.9,21.4,0.371,30.7,66.1,0.464,16.5,21.0,0.787,11.1,35.2,46.3,22.8,6.0,5.7,13.9,18.8,101.6,2015,16.0,82,242.7,39.4,89.4,0.441,7.9,23.0,0.345,31.5,66.4,0.474,16.3,22.1,0.737,11.8,34.1,45.9,22.5,8.0,5.7,11.9,18.7,103.1,28.0,CHI,50-32,18.0,26.6,102184130.0,-32184130.0,101850797.0,49900564.0,333333.0,1610612741.0,50.0
231,22.0,Phoenix Suns,82,240.3,37.2,85.6,0.435,9.0,25.8,0.348,28.2,59.8,0.472,17.5,23.2,0.751,11.5,33.3,44.8,20.7,7.7,3.8,17.2,22.7,100.9,2015,28.0,82,240.3,39.1,83.8,0.467,9.4,24.9,0.377,29.7,58.9,0.505,19.9,26.5,0.749,9.9,33.8,43.7,22.4,9.5,5.5,14.9,21.6,107.5,13.0,PHX,39-43,14.0,25.6,73443637.0,-3443637.0,63389393.0,40000000.0,10054244.0,1610612756.0,39.0
232,23.0,Miami Heat,82,241.8,38.4,81.7,0.47,6.1,18.0,0.336,32.3,63.6,0.508,17.1,23.0,0.744,9.8,34.3,44.1,20.8,6.7,6.5,14.1,18.3,100.0,2015,5.0,82,241.8,37.2,84.3,0.442,7.4,21.2,0.347,29.9,63.1,0.474,16.5,21.5,0.77,9.8,31.5,41.3,20.2,7.5,4.1,12.9,19.6,98.4,21.0,MIA,37-45,15.0,28.5,84619637.0,-14619637.0,82539172.0,56975730.0,2080465.0,1610612748.0,37.0
233,24.0,Memphis Grizzlies,82,241.8,36.8,83.6,0.44,6.1,18.5,0.331,30.7,65.1,0.471,19.3,24.7,0.783,11.2,30.5,41.6,20.7,8.8,4.3,13.3,21.7,99.1,2015,11.0,82,241.8,35.9,78.8,0.456,9.7,26.6,0.365,26.2,52.1,0.503,19.7,25.7,0.768,10.1,33.1,43.2,21.9,7.0,5.7,16.2,21.1,101.3,22.0,MEM,55-27,16.0,28.5,85476595.0,-15476595.0,76017172.0,38915981.0,7364871.0,1610612763.0,55.0
234,25.0,Milwaukee Bucks,82,241.8,38.4,82.2,0.467,5.4,15.6,0.345,33.0,66.6,0.495,17.0,22.7,0.747,10.5,31.2,41.7,23.1,8.2,5.8,15.2,20.7,99.0,2015,17.0,82,241.8,37.8,83.1,0.454,9.3,26.5,0.352,28.4,56.7,0.502,18.4,23.9,0.768,11.5,31.5,43.0,24.5,8.3,5.6,15.5,19.5,103.2,6.0,MIL,41-41,15.0,24.3,70579512.0,-579512.0,68656240.0,39107500.0,1923272.0,1610612749.0,41.0
235,26.0,Brooklyn Nets,82,240.9,38.2,84.4,0.453,6.5,18.4,0.352,31.8,66.0,0.481,15.7,20.7,0.757,10.5,31.9,42.4,22.3,7.6,4.0,14.8,18.0,98.6,2015,24.0,82,240.9,40.8,85.2,0.479,9.5,25.6,0.369,31.3,59.6,0.526,15.0,19.6,0.763,10.2,33.2,43.4,24.5,8.8,5.2,14.2,18.4,106.0,20.0,BKN,38-44,15.0,25.2,81451123.0,-11451123.0,51712738.0,37224955.0,28791109.0,1610612751.0,38.0
236,27.0,New York Knicks,82,241.5,36.9,84.0,0.439,7.4,21.5,0.346,29.4,62.5,0.471,17.2,21.4,0.805,10.4,34.0,44.4,20.5,5.7,5.7,13.4,19.7,98.4,2015,10.0,82,241.5,38.0,85.8,0.443,7.6,22.4,0.341,30.3,63.4,0.479,17.5,23.2,0.754,10.9,33.3,44.2,20.8,7.2,4.2,11.3,18.5,101.1,1.0,NYK,17-65,12.0,27.4,59812260.0,10187740.0,59283244.0,38277812.0,529016.0,1610612752.0,17.0
237,28.0,Utah Jazz,82,243.4,36.1,80.4,0.449,8.5,23.9,0.355,27.6,56.5,0.488,17.1,23.0,0.744,10.7,32.5,43.2,19.0,7.7,5.2,14.9,20.2,97.7,2015,2.0,82,243.4,35.6,79.9,0.446,7.9,22.2,0.357,27.7,57.7,0.48,16.8,22.5,0.746,9.3,30.8,40.1,19.1,8.0,4.7,14.0,19.9,95.9,3.0,UTA,38-44,15.0,24.1,64817873.0,5182127.0,63160091.0,36873054.0,1657782.0,1610612762.0,38.0
238,29.0,Philadelphia 76ers,82,241.5,36.2,84.0,0.431,9.3,27.5,0.339,26.9,56.5,0.476,15.7,22.6,0.694,9.5,31.8,41.2,21.5,8.3,6.0,16.4,21.7,97.4,2015,29.0,82,241.5,39.7,85.4,0.464,7.8,21.7,0.359,31.9,63.8,0.5,20.5,26.1,0.786,11.1,36.4,47.6,23.4,8.7,5.7,15.1,19.2,107.6,4.0,PHI,18-64,15.0,24.1,65500677.0,4499323.0,31052215.0,15709640.0,31372562.0,1610612755.0,18.0
239,30.0,Los Angeles Lakers,82,240.6,35.1,84.8,0.414,7.8,24.6,0.317,27.3,60.2,0.454,19.3,24.7,0.781,10.7,32.3,43.0,18.0,7.2,4.1,13.7,20.3,97.3,2015,27.0,82,240.6,40.5,85.6,0.473,8.5,24.6,0.347,32.0,61.1,0.524,17.3,23.7,0.731,10.9,35.5,46.5,24.7,7.5,5.6,12.6,19.2,106.9,12.0,LAL,21-61,15.0,27.1,73112648.0,-3112648.0,71770430.0,47592216.0,194942.0,1610612747.0,21.0
240,1.0,Golden State Warriors,82,240.6,41.6,87.0,0.478,10.8,27.0,0.398,30.8,60.0,0.514,16.0,20.8,0.768,10.4,34.3,44.7,27.4,9.3,6.0,14.5,19.9,110.0,2014,15.0,82,240.6,37.0,86.4,0.428,7.2,21.4,0.337,29.7,65.0,0.458,18.7,24.5,0.763,11.7,32.8,44.5,21.0,8.3,3.6,16.2,18.8,99.9,26.0,GSW,51-31,15.0,26.7,80391141.0,-17326141.0,71881167.0,40274517.0,703926.0,1610612744.0,51.0
241,2.0,Los Angeles Clippers,82,240.6,39.4,83.3,0.473,10.1,26.9,0.376,29.3,56.4,0.519,17.9,25.2,0.71,9.6,33.1,42.6,24.8,7.8,5.0,12.3,21.3,106.7,2014,16.0,82,240.6,36.4,82.3,0.442,8.3,23.9,0.349,28.1,58.4,0.481,19.0,25.7,0.741,10.6,32.3,42.9,23.2,6.7,3.0,14.3,21.5,100.1,28.0,LAC,57-25,15.0,28.6,82909773.0,-19844773.0,77554797.0,49183299.0,3074976.0,1610612746.0,57.0
242,3.0,Dallas Mavericks,82,242.4,39.7,85.8,0.463,8.9,25.4,0.352,30.8,60.4,0.509,16.9,22.5,0.752,10.5,31.8,42.3,22.5,8.1,4.5,13.0,20.0,105.2,2014,25.0,82,242.4,38.0,84.5,0.45,9.0,24.8,0.364,29.0,59.7,0.485,17.3,22.9,0.753,12.3,33.9,46.1,22.3,7.3,3.8,16.3,22.1,102.3,19.0,DAL,49-33,16.0,29.6,75014621.0,-11949621.0,72183738.0,42455977.0,2830883.0,1610612742.0,49.0
243,4.0,Oklahoma City Thunder,82,241.8,38.8,86.8,0.447,7.7,22.7,0.339,31.1,64.1,0.486,18.6,24.6,0.754,12.8,34.7,47.5,20.5,7.3,5.5,14.7,22.3,104.0,2014,24.0,82,241.8,37.6,85.5,0.44,8.3,24.2,0.343,29.3,61.3,0.479,18.2,24.5,0.745,11.2,31.5,42.7,22.1,7.8,4.6,13.6,20.4,101.8,25.0,OKC,59-23,15.0,25.3,79706876.0,-16641876.0,77876390.0,47064686.0,915243.0,1610612760.0,59.0
244,5.0,Toronto Raptors,82,242.1,37.9,83.3,0.455,8.9,25.1,0.352,29.0,58.2,0.499,19.3,24.6,0.787,10.7,30.8,41.5,20.7,7.5,4.4,12.9,20.9,104.0,2014,19.0,82,242.1,38.0,82.8,0.459,7.7,22.3,0.346,30.3,60.5,0.501,17.2,23.5,0.733,11.2,31.2,42.5,22.8,6.9,5.0,14.4,20.3,100.9,24.0,TOR,48-34,15.0,25.9,77011766.0,-13946766.0,75424914.0,29100000.0,671609.0,1610612761.0,48.0
245,6.0,Houston Rockets,82,241.5,37.0,83.3,0.444,11.4,32.7,0.348,25.6,50.6,0.506,18.6,26.0,0.715,11.7,32.0,43.7,22.2,9.5,5.0,16.7,22.0,103.9,2014,17.0,82,241.5,37.7,85.2,0.443,7.4,22.9,0.322,30.3,62.2,0.487,17.7,23.6,0.751,11.9,32.0,43.8,21.4,8.9,5.3,16.4,21.1,100.5,17.0,HOU,54-28,16.0,27.4,74050249.0,-10985249.0,71004520.0,44744204.0,3045729.0,1610612745.0,54.0
246,7.0,San Antonio Spurs,82,243.4,39.1,83.6,0.468,8.3,22.5,0.367,30.9,61.1,0.505,16.7,21.4,0.78,9.8,33.8,43.6,24.4,8.0,5.4,14.0,19.1,103.2,2014,3.0,82,243.4,37.1,83.7,0.444,6.8,18.9,0.36,30.3,64.8,0.468,15.9,21.4,0.745,9.9,32.2,42.1,20.7,7.9,4.4,14.2,19.7,97.0,15.0,SAS,62-20,15.0,28.9,72188326.0,-9123326.0,69028330.0,32111446.0,1350903.0,1610612759.0,62.0
247,8.0,Cleveland Cavaliers,82,241.2,37.7,82.2,0.458,10.1,27.5,0.367,27.6,54.7,0.504,17.7,23.6,0.751,11.1,31.9,43.0,22.1,7.4,4.1,14.3,18.4,103.1,2014,13.0,82,241.2,38.1,83.5,0.456,7.7,22.5,0.343,30.3,61.0,0.497,14.8,19.9,0.745,10.8,30.3,41.1,24.1,7.8,4.5,13.3,20.5,98.7,27.0,CLE,33-49,15.0,28.7,81377634.0,-18312634.0,80811761.0,46068008.0,565873.0,1610612739.0,33.0
248,9.0,Portland Trail Blazers,82,242.1,38.7,86.0,0.45,9.8,27.2,0.362,28.9,58.8,0.491,15.5,19.4,0.801,10.7,35.1,45.9,21.9,6.4,4.5,13.6,18.2,102.8,2014,12.0,82,242.1,38.2,86.9,0.439,6.4,18.9,0.338,31.8,67.9,0.468,15.8,20.9,0.758,11.0,33.6,44.6,20.4,8.0,3.6,12.2,18.7,98.6,16.0,POR,54-28,16.0,27.0,73909998.0,-10844998.0,72964755.0,36661057.0,30000.0,1610612757.0,54.0
249,10.0,Atlanta Hawks,82,240.6,38.1,81.7,0.466,10.0,26.2,0.38,28.1,55.5,0.506,16.5,21.2,0.778,8.7,31.8,40.6,25.7,9.1,4.6,14.2,17.8,102.5,2014,5.0,82,240.6,36.5,83.1,0.439,8.8,25.8,0.341,27.7,57.4,0.483,15.4,20.1,0.764,11.6,32.1,43.6,23.5,7.4,4.9,16.1,19.6,97.1,2.0,ATL,38-44,15.0,27.3,58328957.0,4736043.0,57245276.0,29500000.0,1083681.0,1610612737.0,38.0
250,11.0,Phoenix Suns,82,242.4,38.8,85.8,0.452,8.5,25.0,0.341,30.2,60.9,0.497,16.4,21.5,0.76,10.9,32.2,43.2,20.2,8.5,4.7,15.1,21.3,102.4,2014,26.0,82,242.4,38.4,85.0,0.452,7.7,21.9,0.352,30.7,63.1,0.486,18.8,24.8,0.759,11.6,33.7,45.3,21.1,7.9,4.1,15.6,20.3,103.3,5.0,PHX,48-34,16.0,26.1,60237268.0,2827732.0,55464385.0,27275000.0,4772883.0,1610612756.0,48.0
251,12.0,Denver Nuggets,82,242.4,37.8,87.3,0.433,8.0,24.8,0.325,29.7,62.5,0.476,17.8,24.3,0.734,12.3,32.4,44.7,21.8,7.8,4.5,14.2,23.0,101.5,2014,28.0,82,242.4,38.6,84.3,0.458,7.7,22.2,0.346,30.9,62.0,0.498,20.1,26.9,0.748,11.0,34.1,45.1,23.1,7.5,6.1,14.4,20.7,105.0,10.0,DEN,36-46,15.0,25.1,65829749.0,-2764749.0,53359369.0,29208269.0,2782985.0,1610612743.0,36.0
252,13.0,Boston Celtics,82,242.4,38.9,87.9,0.443,8.0,24.6,0.327,30.9,63.3,0.488,15.4,20.5,0.754,11.1,32.7,43.8,24.5,8.2,3.6,13.8,21.2,101.4,2014,21.0,82,242.4,38.1,84.7,0.45,7.4,22.0,0.336,30.7,62.7,0.49,17.6,23.3,0.755,10.9,33.8,44.7,21.9,7.1,5.3,15.1,18.8,101.2,6.0,BOS,25-57,15.0,24.7,60403234.0,2661766.0,52905065.0,24535472.0,7498169.0,1610612738.0,25.0
253,14.0,Sacramento Kings,82,242.1,36.7,80.7,0.455,5.6,16.5,0.341,31.1,64.2,0.484,22.3,29.3,0.762,10.9,33.3,44.2,20.3,6.7,4.0,16.3,20.7,101.3,2014,27.0,82,242.1,39.5,86.5,0.456,8.8,25.1,0.349,30.7,61.5,0.5,17.3,23.1,0.748,11.0,30.2,41.2,23.3,8.7,6.2,12.9,23.9,105.0,20.0,SAC,28-54,15.0,26.7,75324906.0,-12259906.0,73061908.0,40563326.0,1114835.0,1610612758.0,28.0
254,15.0,Chicago Bulls,82,242.4,36.6,82.9,0.442,7.9,22.3,0.353,28.7,60.6,0.474,19.7,25.2,0.783,11.7,34.0,45.7,21.7,6.3,5.8,14.0,18.2,100.8,2014,10.0,82,242.4,37.7,86.7,0.435,6.6,19.6,0.335,31.2,67.1,0.465,15.7,21.0,0.749,11.7,31.7,43.4,20.2,7.5,5.4,12.2,21.2,97.8,11.0,CHI,48-34,15.0,28.6,67432537.0,-4367537.0,67099204.0,39562876.0,333333.0,1610612741.0,48.0
255,16.0,New Orleans Pelicans,82,241.2,37.9,82.9,0.457,7.1,19.3,0.37,30.8,63.6,0.484,16.4,21.8,0.751,11.5,32.0,43.5,22.0,6.7,6.2,13.3,18.7,99.4,2014,11.0,82,241.2,37.9,83.1,0.456,6.5,19.6,0.335,31.4,63.5,0.494,16.2,21.4,0.759,10.6,30.9,41.5,20.7,6.8,5.8,12.2,18.7,98.6,14.0,NOP,34-48,14.0,25.5,71528838.0,-8463838.0,68280315.0,36068849.0,2133280.0,1610612740.0,34.0
256,17.0,Washington Wizards,82,243.4,38.3,82.8,0.462,6.1,16.8,0.36,32.2,66.0,0.488,15.9,21.4,0.742,10.5,34.2,44.7,24.0,7.3,4.6,15.0,20.8,98.5,2014,9.0,82,243.4,36.2,83.5,0.433,8.0,23.0,0.349,28.1,60.5,0.465,17.5,23.7,0.738,10.0,31.7,41.7,19.9,8.0,4.3,14.0,19.6,97.8,18.0,WAS,44-38,16.0,28.5,74417924.0,-11352924.0,72952787.0,38180782.0,549894.0,1610612764.0,44.0
257,18.0,Los Angeles Lakers,82,243.0,37.2,85.6,0.435,6.5,18.9,0.344,30.8,66.8,0.461,17.5,23.6,0.741,11.6,32.3,43.9,20.9,7.0,4.5,13.2,21.2,98.5,2014,29.0,82,243.0,38.8,83.1,0.466,8.5,23.4,0.363,30.3,59.7,0.507,19.2,25.8,0.745,10.0,34.1,44.2,24.0,7.5,4.8,13.0,19.4,105.3,13.0,LAL,27-55,16.0,26.1,70374042.0,-7309042.0,59483328.0,40874646.0,10890714.0,1610612747.0,27.0
258,19.0,Detroit Pistons,82,241.8,37.1,85.8,0.432,8.6,24.9,0.344,28.5,60.9,0.468,15.8,22.4,0.703,12.8,32.1,44.9,21.6,7.6,4.7,13.4,19.0,98.5,2014,14.0,82,241.8,37.9,83.1,0.456,7.7,21.8,0.355,30.1,61.3,0.491,16.0,20.7,0.772,10.7,33.4,44.1,23.8,7.0,4.8,14.0,19.3,99.5,8.0,DET,29-53,15.0,26.9,63871995.0,-806995.0,49558917.0,21707865.0,14313078.0,1610612765.0,29.0
259,20.0,Memphis Grizzlies,82,242.7,37.8,82.5,0.458,5.2,15.2,0.339,32.6,67.3,0.485,17.6,22.8,0.773,10.4,32.1,42.6,21.7,8.5,4.2,13.3,19.1,98.3,2014,2.0,82,242.7,36.0,81.5,0.442,8.1,23.0,0.351,27.9,58.5,0.478,14.9,20.1,0.742,10.5,31.9,42.4,20.1,7.4,5.2,15.3,20.3,95.1,21.0,MEM,50-32,15.0,27.5,75675569.0,-12610569.0,73989079.0,41529688.0,771247.0,1610612763.0,50.0
260,21.0,Brooklyn Nets,82,243.0,37.4,83.0,0.451,6.6,19.9,0.331,30.8,63.1,0.489,16.6,22.2,0.748,10.3,32.0,42.4,20.9,7.0,4.1,13.8,19.3,98.0,2014,18.0,82,243.0,38.4,84.3,0.456,8.5,23.7,0.358,29.9,60.6,0.494,15.6,21.3,0.731,11.4,32.9,44.3,23.7,7.8,4.5,13.9,20.0,100.9,30.0,BKN,44-38,15.0,26.9,92047946.0,-28982946.0,88024730.0,58654318.0,404445.0,1610612751.0,44.0
261,22.0,Minnesota Timberwolves,82,241.5,36.4,83.2,0.438,5.0,14.9,0.332,31.5,68.3,0.461,20.0,25.7,0.776,11.6,29.3,40.9,21.6,8.1,4.0,15.0,19.2,97.8,2014,30.0,82,241.5,41.1,84.5,0.487,8.5,23.1,0.367,32.6,61.4,0.531,15.8,20.8,0.759,11.6,31.9,43.6,23.6,8.4,5.5,15.2,21.4,106.5,12.0,MIN,40-42,16.0,25.5,68835033.0,-5770033.0,64182806.0,30892500.0,3736984.0,1610612750.0,40.0
262,23.0,Milwaukee Bucks,82,243.0,37.6,82.0,0.459,6.6,18.3,0.363,31.0,63.7,0.486,16.0,21.1,0.757,10.7,31.4,42.1,23.6,9.6,4.9,16.7,22.1,97.8,2014,8.0,82,243.0,35.6,81.5,0.437,8.2,24.1,0.342,27.3,57.4,0.476,18.0,24.3,0.742,11.4,31.4,42.9,22.3,8.6,4.8,17.4,20.1,97.4,1.0,MIL,15-67,16.0,24.6,55114481.0,7950519.0,44560189.0,21100000.0,10554292.0,1610612749.0,15.0
263,24.0,Indiana Pacers,82,242.1,36.6,83.2,0.439,7.5,21.2,0.352,29.1,62.0,0.469,16.7,22.2,0.756,10.4,34.4,44.9,21.4,6.2,4.6,14.0,21.2,97.3,2014,4.0,82,242.1,36.0,82.7,0.435,7.2,20.9,0.345,28.8,61.8,0.465,17.9,23.8,0.753,9.8,33.0,42.7,19.9,7.5,4.7,12.7,21.4,97.0,23.0,IND,56-26,15.0,27.8,75998942.0,-12933942.0,74798942.0,42824618.0,0.0,1610612754.0,56.0
264,25.0,Orlando Magic,82,240.9,37.5,82.8,0.453,6.8,19.5,0.347,30.8,63.3,0.486,13.9,19.1,0.729,10.0,31.8,41.8,20.6,7.9,3.8,14.9,20.9,95.7,2014,23.0,82,240.9,38.0,82.0,0.463,8.3,22.6,0.368,29.6,59.4,0.499,17.2,22.9,0.751,10.1,33.4,43.5,23.4,7.7,5.4,14.5,17.9,101.4,3.0,ORL,23-59,15.0,24.9,58830518.0,4234482.0,41311716.0,18057288.0,14705259.0,1610612753.0,23.0
265,26.0,Utah Jazz,82,240.3,35.4,79.2,0.447,7.4,21.7,0.343,27.9,57.5,0.486,17.0,23.5,0.721,12.0,31.9,44.0,19.9,7.6,6.0,15.3,19.3,95.1,2014,1.0,82,240.3,35.8,80.3,0.446,7.4,20.4,0.362,28.4,60.0,0.474,16.0,21.5,0.744,9.9,29.3,39.2,19.4,8.2,4.7,13.1,19.6,94.9,4.0,UTA,25-57,15.0,23.5,58905618.0,4159382.0,47940340.0,32696000.0,10965278.0,1610612762.0,25.0
266,27.0,Miami Heat,82,240.6,35.2,77.2,0.456,6.8,20.2,0.335,28.4,57.0,0.499,17.5,23.7,0.741,9.1,30.0,39.1,19.8,7.8,4.5,14.8,20.0,94.7,2014,7.0,82,240.6,36.1,79.5,0.454,8.1,23.0,0.353,28.0,56.5,0.495,17.0,23.2,0.73,10.9,30.1,41.0,21.3,7.9,4.4,14.8,20.9,97.3,22.0,MIA,54-28,16.0,28.2,75966404.0,-12901404.0,75084575.0,45358861.0,881829.0,1610612748.0,54.0
267,28.0,Charlotte Hornets,82,242.7,35.5,84.5,0.42,6.1,19.1,0.318,29.5,65.4,0.45,17.0,22.8,0.748,10.0,34.1,44.1,20.2,6.1,5.5,11.9,18.2,94.2,2014,6.0,82,242.7,36.8,83.7,0.44,7.9,22.1,0.357,28.9,61.5,0.47,15.8,20.4,0.772,8.9,35.2,44.1,22.1,6.1,5.4,12.6,20.8,97.3,9.0,CHA,43-39,16.0,25.4,65680052.0,-2615052.0,64710971.0,29500000.0,969081.0,1610612766.0,43.0
268,29.0,Philadelphia 76ers,82,241.5,33.7,82.6,0.408,8.4,26.3,0.32,25.3,56.3,0.449,16.1,23.8,0.676,11.9,30.9,42.9,20.5,9.6,5.9,17.7,21.7,92.0,2014,20.0,82,241.5,37.1,82.7,0.449,8.0,22.9,0.35,29.1,59.8,0.487,18.7,24.7,0.756,11.5,34.8,46.3,23.7,9.5,5.5,16.8,20.2,101.0,7.0,PHI,19-63,16.0,23.9,60466222.0,2598778.0,34387296.0,15411341.0,22445040.0,1610612755.0,19.0
269,30.0,New York Knicks,82,242.1,35.1,82.0,0.428,6.8,19.7,0.347,28.3,62.3,0.454,14.8,19.2,0.769,10.6,29.8,40.4,21.3,7.0,4.7,14.7,21.6,91.9,2014,22.0,82,242.1,37.0,80.4,0.46,8.5,22.3,0.38,28.5,58.1,0.49,18.8,24.8,0.759,11.0,32.5,43.5,21.7,8.0,4.3,14.1,19.1,101.2,29.0,NYK,37-45,15.0,26.0,84197750.0,-21132750.0,54410045.0,41055592.0,26219583.0,1610612752.0,37.0
270,1.0,Minnesota Timberwolves,82,241.2,41.6,91.0,0.457,14.8,41.3,0.358,26.8,49.7,0.54,18.0,23.1,0.778,11.2,32.9,44.2,25.7,8.8,5.6,14.3,21.8,115.9,2021,24.0,82,241.2,40.2,87.4,0.46,13.1,37.3,0.35,27.2,50.0,0.543,19.8,25.4,0.78,11.0,34.9,45.9,26.2,7.2,4.8,16.3,20.9,113.3,27.0,MIN,23-49,15.0,24.5,165734220.0,-53320220.0,136155208.0,76156064.0,0.0,1610612750.0,23.0
271,2.0,Memphis Grizzlies,82,241.2,43.5,94.4,0.461,11.5,32.7,0.353,32.0,61.7,0.519,17.0,23.1,0.734,14.1,35.0,49.2,26.0,9.8,6.5,13.2,19.8,115.6,2021,12.0,82,241.2,40.3,88.6,0.455,12.0,34.5,0.349,28.3,54.2,0.522,17.3,22.4,0.771,10.0,33.0,43.0,25.0,7.2,6.0,15.1,19.8,109.9,2.0,MEM,38-34,15.0,23.5,115994102.0,-3580102.0,98318869.0,39210321.0,17675233.0,1610612763.0,38.0
272,3.0,Milwaukee Bucks,82,240.9,41.8,89.4,0.468,14.1,38.4,0.366,27.8,51.0,0.544,17.8,22.9,0.776,10.2,36.5,46.7,23.9,7.6,4.0,13.4,18.2,115.5,2021,18.0,82,240.9,41.4,90.6,0.456,14.5,40.6,0.356,26.9,50.0,0.537,15.0,19.9,0.751,9.9,34.2,44.1,25.9,7.4,4.4,13.0,19.7,112.1,25.0,MIL,46-26,15.0,28.1,160663369.0,-48249369.0,152275432.0,106016233.0,6718759.0,1610612749.0,46.0
273,4.0,Charlotte Hornets,82,242.4,42.8,91.4,0.468,13.9,38.2,0.365,28.8,53.3,0.542,15.8,21.4,0.74,10.8,33.7,44.6,28.1,8.6,4.9,13.3,19.9,115.3,2021,26.0,82,242.4,42.0,90.1,0.466,14.0,38.7,0.362,28.0,51.4,0.544,16.9,22.1,0.763,11.4,35.6,47.0,26.5,7.5,4.6,15.0,19.6,114.9,4.0,CHA,33-39,15.0,24.8,120990744.0,-8576744.0,110117912.0,59830263.0,10872832.0,1610612766.0,33.0
274,5.0,Phoenix Suns,82,240.6,43.7,90.1,0.485,11.6,31.9,0.364,32.1,58.2,0.551,15.9,19.9,0.797,9.8,35.5,45.3,27.4,8.6,4.4,12.9,19.9,114.8,2021,8.0,82,240.6,39.2,88.3,0.444,11.6,34.2,0.34,27.6,54.1,0.51,17.3,22.7,0.761,10.5,33.9,44.5,22.9,7.5,4.0,14.7,18.9,107.3,13.0,PHX,51-21,15.0,27.7,133742329.0,-21328329.0,129977221.0,75083550.0,3765108.0,1610612756.0,51.0
275,6.0,Atlanta Hawks,82,240.3,41.5,88.3,0.47,12.9,34.4,0.374,28.6,53.9,0.531,18.1,22.3,0.812,10.0,33.9,44.0,24.6,7.2,4.2,11.9,18.7,113.9,2021,21.0,82,240.3,41.9,89.0,0.471,12.8,35.2,0.364,29.1,53.7,0.541,15.8,19.9,0.792,10.2,33.6,43.9,25.4,7.0,4.5,12.8,20.3,112.4,11.0,ATL,41-31,15.0,25.6,132773339.0,-20359339.0,132773339.0,61475000.0,0.0,1610612737.0,41.0
276,7.0,Utah Jazz,82,240.6,40.6,86.2,0.471,14.5,40.3,0.36,26.0,45.8,0.568,17.9,23.4,0.767,10.8,35.6,46.3,22.4,7.2,4.9,14.0,18.9,113.6,2021,10.0,82,240.6,40.4,89.2,0.453,12.1,34.6,0.35,28.3,54.6,0.518,14.6,19.3,0.758,9.9,31.7,41.6,23.4,7.8,4.3,12.0,20.3,107.6,20.0,UTA,52-20,14.0,26.9,145969091.0,-33555091.0,145681301.0,84448328.0,287790.0,1610612762.0,52.0
277,8.0,San Antonio Spurs,82,241.5,43.2,92.7,0.467,11.3,32.0,0.352,32.0,60.7,0.527,15.4,20.4,0.754,11.0,34.3,45.3,27.9,7.6,4.9,12.7,18.1,113.2,2021,23.0,82,241.5,42.5,91.2,0.466,12.1,33.6,0.36,30.4,57.5,0.528,16.0,20.9,0.767,11.4,35.4,46.8,24.0,7.3,4.9,13.8,18.9,113.0,5.0,SAS,33-39,15.0,23.9,126419926.0,-14005926.0,79863201.0,40794208.0,46556725.0,1610612759.0,33.0
278,9.0,Brooklyn Nets,82,240.9,42.0,88.4,0.475,11.5,31.7,0.361,30.5,56.7,0.538,17.5,21.7,0.805,10.3,34.1,44.4,25.3,7.1,5.5,14.1,20.4,112.9,2021,19.0,82,240.9,40.7,90.2,0.452,12.5,36.3,0.345,28.2,53.9,0.523,18.1,23.0,0.788,11.3,32.8,44.1,23.8,7.9,4.9,13.3,19.7,112.1,29.0,BKN,48-24,15.0,27.6,172820410.0,-60406410.0,157843675.0,110351536.0,11438379.0,1610612751.0,48.0
279,10.0,Denver Nuggets,82,241.5,41.7,86.3,0.483,12.7,35.9,0.353,29.0,50.4,0.575,16.7,21.0,0.795,9.2,34.9,44.1,27.8,7.2,3.7,14.5,20.0,112.7,2021,14.0,82,241.5,41.1,87.4,0.47,11.8,34.2,0.346,29.2,53.2,0.549,16.5,21.7,0.757,9.7,32.7,42.4,25.4,7.9,4.8,12.8,19.9,110.4,19.0,DEN,47-25,15.0,26.7,138963942.0,-26549942.0,135433726.0,76921797.0,191860.0,1610612743.0,47.0
280,11.0,Los Angeles Lakers,82,243.7,41.6,88.8,0.469,12.0,34.5,0.347,29.7,54.3,0.546,16.8,23.0,0.732,9.5,34.5,44.0,24.0,7.6,5.2,14.5,20.2,112.1,2021,27.0,82,243.7,42.6,90.5,0.47,12.6,35.8,0.352,30.0,54.7,0.548,17.4,23.3,0.747,11.0,35.6,46.6,26.3,8.3,4.1,14.0,20.1,115.1,26.0,LAL,42-30,15.0,28.8,160861720.0,-48447720.0,147504083.0,120753050.0,8530216.0,1610612747.0,42.0
281,12.0,Boston Celtics,82,242.7,40.7,87.4,0.466,13.2,37.1,0.356,27.5,50.3,0.547,17.0,20.9,0.816,10.5,35.5,46.1,24.8,7.2,5.8,13.6,18.5,111.8,2021,1.0,82,242.7,38.3,88.1,0.434,11.8,34.9,0.339,26.4,53.2,0.497,16.1,20.6,0.783,10.5,33.3,43.7,21.6,7.5,4.6,13.8,19.4,104.5,15.0,BOS,36-36,15.0,25.6,135425801.0,-23011801.0,132762560.0,81862429.0,2663241.0,1610612738.0,36.0
282,13.0,Chicago Bulls,82,240.6,41.7,86.9,0.48,10.6,28.8,0.369,31.1,58.1,0.535,17.5,21.5,0.813,8.7,33.7,42.3,23.9,7.1,4.1,12.8,18.8,111.6,2021,17.0,82,240.6,41.4,87.4,0.474,11.7,32.0,0.366,29.7,55.5,0.536,17.4,21.9,0.795,9.3,33.9,43.2,25.0,7.1,5.0,13.1,18.2,112.0,17.0,CHI,31-41,15.0,25.3,136118673.0,-23704673.0,132834003.0,69500000.0,1795605.0,1610612741.0,31.0
283,14.0,Indiana Pacers,82,242.4,41.4,89.5,0.463,12.2,35.4,0.344,29.3,54.1,0.541,16.4,21.4,0.768,11.3,32.6,43.9,25.4,7.1,5.6,14.4,20.4,111.5,2021,25.0,82,242.4,42.5,88.0,0.483,12.0,32.3,0.372,30.5,55.7,0.547,17.9,22.5,0.797,10.2,33.0,43.1,25.1,8.1,4.9,13.3,19.2,114.9,16.0,IND,34-38,15.0,25.1,136089712.0,-23675712.0,122438198.0,62773234.0,13651514.0,1610612754.0,34.0
284,15.0,Golden State Warriors,82,240.6,40.5,86.4,0.469,14.3,39.4,0.364,26.2,47.0,0.557,15.6,20.3,0.769,9.8,35.7,45.5,27.1,8.8,4.5,14.9,21.0,111.0,2021,3.0,82,240.6,37.9,86.6,0.438,12.2,36.0,0.339,25.7,50.6,0.509,17.4,22.9,0.759,9.7,33.0,42.6,22.9,7.9,3.9,14.5,18.0,105.5,30.0,GSW,39-33,15.0,27.2,184024769.0,-71610769.0,175192325.0,115341076.0,666667.0,1610612744.0,39.0
285,16.0,Sacramento Kings,82,241.5,40.5,88.1,0.46,11.4,33.2,0.344,29.1,54.9,0.53,17.9,23.3,0.768,9.6,33.4,42.9,23.7,7.2,4.5,14.1,18.9,110.3,2021,29.0,82,241.5,43.4,90.6,0.479,13.0,34.9,0.372,30.4,55.7,0.547,15.9,20.5,0.776,10.6,35.3,45.8,25.3,8.1,4.8,13.5,20.3,115.8,10.0,SAC,31-41,15.0,26.1,132576503.0,-20162503.0,126382298.0,66887591.0,3035962.0,1610612758.0,31.0
286,17.0,Miami Heat,82,242.1,39.6,84.8,0.467,13.6,35.8,0.379,26.0,49.0,0.531,17.3,21.4,0.808,9.8,33.9,43.7,25.5,7.4,3.2,14.6,20.5,110.0,2021,4.0,82,242.1,37.5,84.0,0.447,13.0,38.3,0.339,24.6,45.7,0.537,17.5,22.5,0.779,9.5,32.1,41.7,23.3,7.4,4.0,15.0,20.6,105.6,18.0,MIA,40-32,15.0,28.4,138804919.0,-26390919.0,130080823.0,91103828.0,5385740.0,1610612748.0,40.0
287,18.0,Philadelphia 76ers,82,241.5,39.4,84.5,0.466,11.6,31.8,0.364,27.8,52.7,0.527,19.6,23.8,0.821,8.5,33.8,42.3,23.7,7.7,5.3,12.5,19.4,109.9,2021,9.0,82,241.5,39.7,86.5,0.458,11.4,32.8,0.346,28.3,53.7,0.527,16.6,21.6,0.769,10.2,34.0,44.2,23.6,6.6,4.6,13.3,19.4,107.3,24.0,PHI,49-23,15.0,26.1,156429129.0,-44015129.0,145133832.0,111886180.0,115954.0,1610612755.0,49.0
288,19.0,Houston Rockets,82,240.9,39.4,86.4,0.456,13.5,38.7,0.349,25.9,47.7,0.543,17.5,24.5,0.713,9.6,32.4,42.0,23.6,7.3,4.7,16.5,20.6,109.7,2021,30.0,82,240.9,43.4,89.9,0.483,12.8,36.2,0.353,30.7,53.8,0.57,18.5,23.7,0.782,11.2,34.5,45.7,25.6,9.5,5.8,14.1,22.1,118.2,9.0,HOU,17-55,15.0,23.9,132065764.0,-19651764.0,112768849.0,76196325.0,17807850.0,1610612745.0,17.0
289,20.0,Toronto Raptors,82,242.1,40.6,91.3,0.445,11.9,34.2,0.349,28.7,57.1,0.503,16.2,21.3,0.759,13.4,32.0,45.3,22.1,9.0,4.6,12.5,19.6,109.4,2021,7.0,82,242.1,39.0,84.4,0.462,12.4,34.9,0.354,26.6,49.5,0.538,16.8,21.2,0.789,10.3,33.7,44.0,25.3,6.7,5.1,15.8,19.1,107.1,22.0,TOR,27-45,15.0,24.4,149439621.0,-37025621.0,130912460.0,68904862.0,2775812.0,1610612761.0,27.0
290,21.0,New Orleans Pelicans,82,240.9,40.2,88.0,0.457,10.6,32.1,0.332,29.5,55.9,0.528,18.3,23.2,0.789,12.0,33.2,45.2,25.0,8.3,4.0,14.1,19.7,109.3,2021,13.0,82,240.9,40.3,85.5,0.471,13.0,35.5,0.365,27.3,50.0,0.546,16.8,21.4,0.786,9.3,32.5,41.8,24.9,7.4,4.8,14.2,20.5,110.3,14.0,NOP,31-41,15.0,25.5,134663536.0,-22249536.0,132604966.0,74331998.0,569505.0,1610612740.0,31.0
291,22.0,Washington Wizards,82,241.8,40.6,86.0,0.472,10.5,30.6,0.342,30.1,55.4,0.543,17.0,21.7,0.783,9.0,34.1,43.1,25.0,6.4,5.0,13.1,18.8,108.6,2021,16.0,82,241.8,41.3,88.9,0.464,11.5,31.8,0.361,29.8,57.1,0.522,18.0,22.3,0.807,10.2,34.0,44.2,23.7,7.3,4.2,11.9,19.9,112.0,23.0,WAS,34-38,15.0,25.2,155635311.0,-43221311.0,125963635.0,78413662.0,0.0,1610612764.0,34.0
292,23.0,Los Angeles Clippers,82,241.2,40.1,87.4,0.458,12.8,34.2,0.374,27.3,53.3,0.512,15.5,19.6,0.793,9.1,34.9,44.0,24.0,7.4,5.0,13.7,18.6,108.4,2021,11.0,82,241.2,40.8,90.6,0.45,11.7,33.9,0.345,29.1,56.7,0.513,15.2,19.6,0.775,12.0,35.1,47.1,24.1,7.7,4.1,13.6,18.5,108.4,28.0,LAC,47-25,15.0,26.8,166162398.0,-53748398.0,164493220.0,94317707.0,1669178.0,1610612746.0,47.0
293,24.0,Dallas Mavericks,82,240.9,39.3,85.1,0.461,13.1,37.4,0.35,26.2,47.8,0.548,16.4,21.2,0.771,9.3,33.8,43.0,23.4,6.7,4.0,12.5,19.7,108.0,2021,2.0,82,240.9,39.0,85.4,0.457,10.9,32.1,0.34,28.1,53.2,0.527,15.8,20.6,0.767,9.5,34.1,43.6,23.5,7.0,3.7,13.1,20.1,104.7,21.0,DAL,42-30,15.0,26.8,146734486.0,-34320486.0,117318978.0,56621100.0,7431031.0,1610612742.0,42.0
294,25.0,Cleveland Cavaliers,82,240.6,39.7,84.6,0.469,11.6,32.8,0.355,28.1,51.9,0.541,16.8,22.1,0.76,10.2,34.0,44.2,25.2,7.1,4.2,14.4,17.5,107.8,2021,5.0,82,240.6,39.5,87.2,0.452,11.7,33.2,0.353,27.8,54.0,0.514,15.0,19.4,0.774,10.5,32.4,42.9,24.1,8.4,4.6,13.4,20.0,105.7,12.0,CLE,22-50,15.0,25.3,133138401.0,-20724401.0,129666274.0,68758256.0,3472127.0,1610612739.0,22.0
295,26.0,New York Knicks,82,241.2,37.7,86.2,0.437,13.2,36.9,0.357,24.5,49.3,0.497,18.0,24.1,0.744,11.5,34.6,46.1,21.9,7.0,4.9,13.3,20.4,106.5,2021,6.0,82,241.2,38.5,86.0,0.447,12.7,37.0,0.342,25.8,49.0,0.527,17.0,22.3,0.764,9.3,34.3,43.6,24.2,7.0,4.6,12.7,20.4,106.6,3.0,NYK,41-31,15.0,25.8,118396240.0,-5982240.0,108415633.0,50387977.0,9980607.0,1610612752.0,41.0
296,27.0,Portland Trail Blazers,82,240.6,38.5,87.1,0.442,12.7,36.8,0.346,25.8,50.3,0.513,16.4,21.6,0.76,10.4,32.5,42.9,22.9,8.0,4.5,14.5,21.1,106.2,2021,28.0,82,240.6,41.1,85.9,0.479,13.8,37.1,0.371,27.4,48.8,0.561,19.1,24.6,0.777,9.8,35.0,44.7,26.6,8.2,5.0,14.0,19.4,115.1,8.0,POR,42-30,15.0,24.7,129526823.0,-17112823.0,115070759.0,70506264.0,7134626.0,1610612757.0,42.0
297,28.0,Detroit Pistons,82,241.2,38.2,88.6,0.431,11.3,34.6,0.326,26.9,54.0,0.498,17.2,22.0,0.782,11.0,32.0,43.0,23.5,7.7,4.8,14.2,21.9,104.8,2021,22.0,82,241.2,40.6,86.0,0.473,11.8,32.5,0.362,28.9,53.5,0.54,19.5,25.1,0.777,10.3,35.9,46.3,25.1,7.4,5.2,14.6,19.8,112.5,7.0,DET,20-52,15.0,23.9,128989131.0,-16575131.0,83561441.0,43509736.0,45427690.0,1610612765.0,20.0
298,29.0,Orlando Magic,82,241.2,38.3,88.3,0.434,12.2,36.9,0.331,26.1,51.4,0.507,15.5,19.7,0.787,9.1,35.2,44.3,23.7,6.8,4.5,14.5,19.7,104.2,2021,20.0,82,241.2,40.8,89.0,0.458,13.2,36.3,0.363,27.6,52.7,0.524,17.4,22.6,0.772,10.4,36.8,47.1,24.8,8.0,5.2,13.2,18.3,112.2,6.0,ORL,21-51,15.0,23.8,126992175.0,-14578175.0,110991562.0,54382143.0,7018792.0,1610612753.0,21.0
299,30.0,Oklahoma City Thunder,82,241.5,38.3,89.1,0.43,12.1,37.4,0.323,26.2,51.8,0.507,15.0,19.9,0.756,10.4,35.2,45.6,22.2,7.6,4.6,14.0,18.3,103.7,2021,15.0,82,241.5,41.4,90.5,0.458,13.6,38.7,0.353,27.8,51.8,0.536,15.3,19.9,0.771,11.0,37.3,48.4,26.1,8.5,6.0,13.2,17.8,111.8,1.0,OKC,22-50,15.0,23.1,90513233.0,21900767.0,47135212.0,21204432.0,33723179.0,1610612760.0,22.0
300,1.0,Denver Nuggets,82,242.7,40.7,85.2,0.478,6.4,18.5,0.343,34.4,66.6,0.516,18.4,26.2,0.701,13.3,31.7,45.0,24.4,9.3,6.5,15.3,20.5,106.1,2012,24.0,82,242.7,38.1,85.7,0.444,8.4,23.1,0.363,29.7,62.6,0.474,16.6,22.7,0.731,12.4,29.2,41.6,23.6,8.0,6.8,15.9,21.6,101.1,13.0,DEN,38-28,15.0,24.7,63970222.0,-5926222.0,63970222.0,34407250.0,0.0,1610612743.0,38.0
301,2.0,Houston Rockets,82,241.2,38.1,82.7,0.461,10.6,28.9,0.366,27.5,53.8,0.511,19.2,25.5,0.754,11.1,32.3,43.4,23.2,8.3,4.4,16.4,20.3,106.0,2012,28.0,82,241.2,38.8,85.5,0.454,8.1,21.9,0.368,30.8,63.5,0.484,16.8,21.6,0.776,10.7,31.0,41.6,22.7,8.5,6.1,14.8,20.4,102.5,4.0,HOU,34-32,16.0,24.8,55435438.0,2608562.0,44545613.0,22849292.0,10889825.0,1610612745.0,34.0
302,3.0,Oklahoma City Thunder,82,241.8,38.1,79.3,0.481,7.3,19.4,0.377,30.8,60.0,0.514,22.2,26.8,0.828,10.4,33.2,43.6,21.4,8.3,7.6,15.3,20.2,105.7,2012,10.0,82,241.8,36.2,85.0,0.425,7.4,21.5,0.346,28.7,63.5,0.452,16.7,21.6,0.774,12.0,28.7,40.7,20.5,8.2,3.9,14.8,20.7,96.5,20.0,OKC,47-19,15.0,25.9,68257854.0,-10213854.0,68057854.0,42778054.0,200000.0,1610612760.0,47.0
303,4.0,San Antonio Spurs,82,242.4,39.1,81.4,0.481,8.1,21.5,0.376,31.1,59.9,0.519,16.6,21.0,0.791,8.1,33.2,41.3,25.1,8.5,5.4,14.7,17.4,103.0,2012,11.0,82,242.4,37.5,84.9,0.442,6.3,17.9,0.353,31.2,66.9,0.466,15.2,20.0,0.76,11.1,31.4,42.5,21.4,8.2,4.9,14.9,19.1,96.6,23.0,SAS,50-16,16.0,28.2,69568331.0,-11524331.0,69407505.0,36667242.0,160826.0,1610612759.0,50.0
304,5.0,Miami Heat,82,242.4,38.4,77.4,0.496,8.7,22.1,0.396,29.6,55.4,0.536,17.4,23.0,0.754,8.2,30.4,38.6,23.0,8.7,5.4,13.9,18.7,102.9,2012,5.0,82,242.4,35.6,80.9,0.44,7.6,21.7,0.35,28.0,59.1,0.473,16.2,21.2,0.766,11.2,28.9,40.1,20.2,7.9,3.2,15.6,20.4,95.0,28.0,MIA,46-20,15.0,30.9,83431885.0,-25387885.0,80736455.0,52272000.0,2695430.0,1610612748.0,46.0
305,6.0,Los Angeles Lakers,82,240.9,37.1,81.0,0.458,8.7,24.6,0.355,28.4,56.4,0.503,19.3,27.9,0.692,11.5,33.3,44.8,22.2,7.0,5.2,15.0,17.9,102.2,2012,22.0,82,240.9,39.7,87.6,0.453,7.5,21.0,0.357,32.2,66.6,0.483,14.2,19.4,0.732,11.5,31.1,42.7,23.4,8.5,4.8,12.9,23.1,101.0,30.0,LAL,41-25,15.0,28.6,99847565.0,-41803565.0,99646980.0,66385509.0,200585.0,1610612747.0,41.0
306,7.0,Golden State Warriors,82,241.5,38.2,83.4,0.458,8.0,19.9,0.403,30.1,63.5,0.475,16.8,21.3,0.79,10.8,34.2,45.0,22.5,6.9,4.2,15.1,21.4,101.2,2012,19.0,82,241.5,37.2,84.8,0.439,8.0,23.1,0.347,29.2,61.7,0.473,17.9,23.9,0.748,11.1,31.7,42.7,23.5,8.2,4.9,13.5,19.2,100.3,24.0,GSW,23-43,16.0,25.4,69712825.0,-11668825.0,69667990.0,35908000.0,44835.0,1610612744.0,23.0
307,8.0,Los Angeles Clippers,82,240.6,38.5,80.6,0.478,7.6,21.4,0.358,30.9,59.2,0.522,16.4,23.0,0.711,11.4,30.2,41.6,23.9,9.6,5.6,14.6,20.9,101.1,2012,4.0,82,240.6,34.6,78.0,0.443,7.6,20.5,0.373,26.9,57.5,0.468,17.9,23.9,0.749,10.9,28.2,39.1,22.1,7.4,4.1,16.1,20.9,94.6,22.0,LAC,40-26,15.0,29.5,69520697.0,-11476697.0,68400718.0,36512435.0,1119979.0,1610612746.0,40.0
308,9.0,Dallas Mavericks,82,243.7,38.8,84.0,0.462,7.4,19.9,0.372,31.4,64.2,0.489,16.1,20.4,0.793,9.4,32.6,41.9,23.2,7.9,5.5,14.0,20.7,101.1,2012,27.0,82,243.7,37.4,84.0,0.445,7.8,21.8,0.359,29.6,62.2,0.475,19.1,25.4,0.753,12.0,33.6,45.6,22.0,8.5,4.1,14.7,18.9,101.7,9.0,DAL,36-30,16.0,28.7,61941526.0,-3897526.0,58996275.0,37600009.0,2945251.0,1610612742.0,36.0
309,10.0,Sacramento Kings,82,241.8,37.6,84.2,0.447,7.4,20.5,0.363,30.2,63.7,0.474,17.5,22.8,0.769,11.5,29.1,40.6,20.8,8.2,4.2,14.6,20.9,100.2,2012,30.0,82,241.8,39.3,83.3,0.472,7.6,21.5,0.355,31.7,61.8,0.512,18.9,24.1,0.783,11.9,31.7,43.6,25.1,7.6,6.3,14.7,20.0,105.1,2.0,SAC,22-44,13.0,25.4,53575342.0,4468658.0,51000236.0,21094250.0,2575106.0,1610612758.0,22.0
310,11.0,New York Knicks,82,240.6,36.5,81.6,0.448,10.9,28.9,0.376,25.7,52.7,0.487,16.0,21.1,0.759,10.9,29.7,40.6,19.3,8.2,3.6,12.0,20.1,100.0,2012,7.0,82,240.6,35.6,77.6,0.458,7.8,21.8,0.357,27.8,55.8,0.498,16.8,22.2,0.757,10.0,31.6,41.6,19.3,6.4,4.0,15.1,19.2,95.7,27.0,NYK,36-30,15.0,30.8,78854599.0,-20810599.0,74741057.0,52997491.0,4113542.0,1610612752.0,36.0
311,12.0,Milwaukee Bucks,82,241.8,38.1,87.8,0.435,7.3,20.4,0.36,30.8,67.4,0.457,15.3,20.7,0.736,13.0,30.9,44.0,22.9,8.4,6.7,14.1,19.0,98.9,2012,20.0,82,241.8,38.4,84.7,0.454,6.5,18.5,0.348,32.0,66.2,0.483,17.0,22.5,0.759,12.4,33.6,46.0,23.1,8.0,4.4,16.0,19.1,100.4,8.0,MIL,31-35,15.0,27.1,61658839.0,-3614839.0,61658839.0,25598565.0,0.0,1610612749.0,31.0
312,13.0,Utah Jazz,82,242.4,37.1,81.8,0.454,6.2,16.9,0.366,31.0,64.9,0.477,17.5,23.0,0.764,12.1,30.0,42.0,22.7,8.4,6.3,14.8,21.3,98.0,2012,15.0,82,242.4,36.6,79.9,0.458,6.8,18.5,0.37,29.8,61.4,0.485,18.0,23.8,0.757,11.0,29.8,40.8,20.6,7.8,5.9,14.7,20.4,98.1,18.0,UTA,36-30,15.0,25.9,66913862.0,-8869862.0,63344192.0,32103633.0,3569670.0,1610612762.0,36.0
313,14.0,Atlanta Hawks,82,242.1,37.6,81.0,0.464,8.6,23.2,0.371,29.0,57.8,0.501,14.1,19.7,0.715,9.2,31.6,40.9,24.5,8.1,4.5,14.9,18.0,98.0,2012,13.0,82,242.1,37.5,83.2,0.45,7.6,19.9,0.379,29.9,63.3,0.473,15.0,19.7,0.763,11.3,32.4,43.7,22.3,8.4,4.3,15.2,18.8,97.5,16.0,ATL,40-26,15.0,26.9,66492527.0,-8448527.0,63620146.0,33700000.0,2872381.0,1610612737.0,40.0
314,15.0,Portland Trail Blazers,82,242.1,36.7,81.9,0.448,8.2,23.2,0.353,28.5,58.7,0.486,15.9,20.5,0.776,10.7,30.2,40.8,21.8,6.6,4.3,14.7,18.5,97.5,2012,21.0,82,242.1,39.3,83.0,0.474,6.4,18.7,0.34,33.0,64.3,0.512,15.7,20.6,0.761,11.0,31.4,42.4,23.7,8.4,4.4,13.1,18.7,100.7,6.0,POR,28-38,16.0,24.8,58379149.0,-335149.0,54632812.0,30830320.0,3746337.0,1610612757.0,28.0
315,16.0,Toronto Raptors,82,243.7,36.3,81.5,0.446,7.0,20.3,0.343,29.4,61.2,0.48,17.6,22.3,0.788,10.6,29.6,40.2,21.5,7.3,4.8,13.7,22.4,97.2,2012,17.0,82,243.7,36.2,79.2,0.458,6.7,18.4,0.361,29.6,60.8,0.487,19.6,26.2,0.747,10.7,31.0,41.7,21.9,7.0,4.7,14.3,20.1,98.7,19.0,TOR,23-43,16.0,25.8,68081026.0,-10037026.0,67088346.0,32710538.0,992680.0,1610612761.0,23.0
316,17.0,Brooklyn Nets,82,242.1,35.9,79.8,0.45,7.7,21.5,0.357,28.2,58.3,0.484,17.5,23.9,0.731,12.8,30.0,42.8,20.3,7.3,4.8,14.7,18.3,96.9,2012,6.0,82,242.1,37.4,80.7,0.464,6.3,17.3,0.366,31.1,63.4,0.49,14.0,19.2,0.731,10.7,28.5,39.2,21.4,7.5,4.8,13.4,21.4,95.1,29.0,BKN,22-44,15.0,27.6,83529674.0,-25485674.0,83048918.0,50599190.0,480756.0,1610612751.0,22.0
317,18.0,Boston Celtics,81,244.9,37.0,79.7,0.465,6.1,17.2,0.358,30.9,62.6,0.494,16.3,21.0,0.776,8.1,31.3,39.3,22.8,8.2,4.5,14.6,21.2,96.5,2012,12.0,81,244.9,36.1,82.0,0.441,6.8,19.9,0.342,29.3,62.1,0.472,17.7,23.9,0.74,11.4,32.1,43.6,21.6,7.8,4.7,15.3,19.4,96.7,25.0,BOS,39-27,15.0,27.3,71576087.0,-13532087.0,70261284.0,39356610.0,1314803.0,1610612738.0,39.0
318,19.0,Cleveland Cavaliers,82,240.6,36.5,84.2,0.434,6.7,19.3,0.346,29.8,64.9,0.46,16.8,22.3,0.756,12.2,28.8,41.0,20.7,7.9,4.1,14.0,21.2,96.5,2012,25.0,82,240.6,37.9,79.6,0.476,7.4,20.0,0.372,30.5,59.6,0.511,17.9,24.2,0.739,10.8,31.3,42.1,23.9,7.6,6.8,15.2,19.7,101.2,3.0,CLE,21-45,16.0,25.6,53964150.0,4079850.0,49406697.0,19835305.0,4557453.0,1610612739.0,21.0
319,20.0,Minnesota Timberwolves,82,240.6,35.9,81.7,0.439,5.5,18.0,0.305,30.4,63.7,0.477,18.5,24.9,0.742,11.9,30.2,42.0,22.4,8.5,4.7,14.8,18.4,95.7,2012,16.0,82,240.6,38.0,81.2,0.468,7.0,19.0,0.369,30.9,62.2,0.498,15.2,20.1,0.752,10.6,31.5,42.1,22.3,8.1,5.9,15.9,22.5,98.1,10.0,MIN,26-40,16.0,26.1,62360135.0,-4316135.0,60238958.0,28548099.0,2121177.0,1610612750.0,26.0
320,21.0,Phoenix Suns,82,241.5,37.3,84.4,0.443,5.9,17.7,0.33,31.5,66.6,0.473,14.7,19.7,0.744,11.7,29.9,41.6,22.6,8.0,5.3,15.6,20.6,95.2,2012,26.0,82,241.5,38.8,82.6,0.47,6.9,17.9,0.388,31.9,64.7,0.492,17.1,22.6,0.757,11.7,31.7,43.4,22.8,8.3,5.1,15.3,18.4,101.6,1.0,PHX,33-33,16.0,26.6,53234902.0,4809098.0,51913298.0,20758960.0,1321604.0,1610612756.0,33.0
321,22.0,Detroit Pistons,82,241.5,36.3,81.0,0.449,6.3,17.6,0.356,30.1,63.4,0.474,15.9,22.8,0.699,12.1,30.0,42.1,21.2,7.0,4.9,15.1,19.8,94.9,2012,18.0,82,241.5,37.3,81.2,0.459,7.4,20.4,0.36,29.9,60.7,0.492,16.9,22.2,0.762,11.1,30.7,41.8,22.4,8.4,5.8,13.7,19.9,98.8,21.0,DET,25-41,14.0,25.6,68565736.0,-10521736.0,62495969.0,29986121.0,6069767.0,1610612765.0,25.0
322,23.0,Indiana Pacers,81,241.9,35.1,80.6,0.436,6.9,19.7,0.347,28.3,60.8,0.465,17.6,23.6,0.746,12.9,33.0,45.9,20.3,7.2,6.3,15.1,20.0,94.7,2012,2.0,81,241.9,34.5,82.2,0.42,5.4,16.6,0.327,29.1,65.6,0.444,16.2,21.3,0.76,11.2,29.6,40.9,19.2,7.5,5.7,13.5,21.9,90.7,17.0,IND,42-24,15.0,25.7,66745868.0,-8701868.0,66225684.0,36727356.0,520184.0,1610612754.0,42.0
323,24.0,New Orleans Hornets,82,241.2,36.0,80.4,0.448,6.5,18.0,0.363,29.5,62.4,0.473,15.5,20.0,0.776,12.0,29.6,41.6,21.0,6.3,5.4,14.5,20.4,94.1,2012,14.0,82,241.2,37.0,78.5,0.471,7.7,20.6,0.374,29.2,57.9,0.505,16.3,21.5,0.759,10.2,29.2,39.3,23.4,7.9,6.0,13.2,18.7,97.9,,,,,,,,,,0.0,,
324,25.0,Orlando Magic,82,241.2,37.7,84.2,0.448,6.2,18.7,0.329,31.5,65.5,0.482,12.5,16.6,0.755,10.9,31.9,42.7,22.8,6.4,4.4,14.5,19.4,94.1,2012,23.0,82,241.2,38.6,83.4,0.463,7.5,21.0,0.359,31.1,62.5,0.498,16.3,22.1,0.738,10.8,31.9,42.8,23.7,7.2,5.2,12.4,16.5,101.1,15.0,ORL,37-29,15.0,25.5,66215396.0,-8171396.0,57651721.0,28165850.0,8563675.0,1610612753.0,37.0
325,26.0,Memphis Grizzlies,82,241.5,36.1,81.5,0.444,4.7,13.5,0.345,31.5,68.0,0.463,16.5,21.3,0.773,12.9,29.8,42.7,20.9,8.6,5.3,14.0,20.2,93.4,2012,1.0,82,241.5,33.5,77.0,0.435,6.1,18.2,0.338,27.4,58.8,0.465,16.1,21.5,0.748,10.3,28.8,39.1,19.5,7.3,5.5,15.5,20.0,89.3,11.0,MEM,41-25,15.0,25.7,63276388.0,-5232388.0,62366281.0,37897145.0,910107.0,1610612763.0,41.0
326,27.0,Charlotte Bobcats,82,241.5,34.4,81.1,0.425,5.7,17.1,0.335,28.7,64.0,0.448,18.9,25.1,0.75,11.2,29.1,40.3,19.4,7.2,5.8,14.1,19.0,93.4,2012,29.0,82,241.5,38.8,82.5,0.471,8.7,22.5,0.388,30.1,59.9,0.502,16.2,21.8,0.747,11.8,32.3,44.1,25.3,6.9,6.9,14.0,21.3,102.7,,,,,,,,,,0.0,,
327,28.0,Philadelphia 76ers,82,240.9,37.3,84.1,0.444,6.3,17.5,0.36,31.0,66.5,0.466,12.2,16.8,0.729,10.9,30.4,41.3,22.8,7.4,4.7,13.0,18.4,93.2,2012,9.0,82,240.9,36.8,81.0,0.454,6.7,19.2,0.349,30.1,61.8,0.487,16.2,21.4,0.76,11.0,33.0,44.0,22.8,7.2,4.8,14.3,16.2,96.5,14.0,PHI,35-31,16.0,26.4,64367073.0,-6323073.0,63742383.0,30889130.0,624690.0,1610612755.0,35.0
328,29.0,Chicago Bulls,82,241.8,35.7,81.7,0.437,5.4,15.4,0.353,30.2,66.3,0.456,16.4,21.2,0.773,12.5,30.7,43.2,23.0,7.2,5.1,14.3,19.7,93.2,2012,3.0,82,241.8,35.4,80.1,0.443,5.5,16.0,0.346,29.9,64.1,0.467,16.5,22.3,0.739,11.0,30.1,41.1,18.8,7.3,5.8,13.7,19.6,92.9,26.0,CHI,50-16,15.0,27.6,74258448.0,-16214448.0,74105866.0,44707500.0,152582.0,1610612741.0,50.0
329,30.0,Washington Wizards,82,242.1,35.5,81.6,0.435,6.6,18.2,0.365,28.8,63.4,0.455,15.6,21.3,0.733,10.8,32.3,43.2,21.6,7.3,4.6,15.1,20.5,93.2,2012,8.0,82,242.1,35.9,81.7,0.44,7.1,20.5,0.349,28.8,61.2,0.47,16.8,22.8,0.738,11.0,33.2,44.2,21.5,7.8,4.4,14.5,19.1,95.8,7.0,WAS,20-46,16.0,25.5,58631988.0,-587988.0,57506990.0,33748960.0,1124998.0,1610612764.0,20.0
330,1.0,Los Angeles Clippers,82,240.9,39.1,82.5,0.474,8.5,24.0,0.352,30.7,58.5,0.525,21.2,29.1,0.73,10.5,32.5,43.0,24.6,8.6,4.8,13.9,21.5,107.9,2013,14.0,82,240.9,37.4,84.9,0.441,7.3,21.8,0.332,30.2,63.0,0.479,18.9,25.0,0.755,12.3,31.4,43.7,23.3,7.0,3.5,15.4,23.4,101.0,26.0,LAC,56-26,14.0,28.6,74981669.0,-16302669.0,72099475.0,46096481.0,2882194.0,1610612746.0,56.0
331,2.0,Houston Rockets,82,241.8,38.0,80.5,0.472,9.5,26.6,0.358,28.5,54.0,0.529,22.1,31.1,0.712,11.2,34.1,45.3,21.4,7.6,5.6,16.1,20.4,107.7,2013,23.0,82,241.8,39.0,88.0,0.443,8.1,23.0,0.353,30.9,65.0,0.475,17.0,22.5,0.757,11.9,29.7,41.7,22.2,8.6,5.6,14.0,24.3,103.1,12.0,HOU,45-37,17.0,25.6,63877378.0,-5198378.0,60308379.0,42589074.0,3568999.0,1610612745.0,45.0
332,3.0,Minnesota Timberwolves,82,242.1,38.9,87.5,0.444,7.3,21.4,0.341,31.6,66.1,0.478,21.8,28.1,0.778,12.5,32.2,44.7,23.9,8.8,3.6,13.9,18.3,106.9,2013,26.0,82,242.1,40.5,86.0,0.471,8.1,22.2,0.364,32.4,63.8,0.508,15.2,20.1,0.756,11.1,33.1,44.2,22.9,7.9,5.6,16.4,23.6,104.3,17.0,MIN,31-51,16.0,26.4,68154796.0,-9475796.0,66354404.0,33293906.0,1800392.0,1610612750.0,31.0
333,4.0,Portland Trail Blazers,82,242.1,39.1,87.0,0.45,9.4,25.3,0.372,29.7,61.7,0.481,19.1,23.5,0.815,12.5,34.0,46.4,23.2,5.5,4.7,13.7,19.2,106.7,2013,22.0,82,242.1,39.6,87.8,0.451,6.5,18.3,0.355,33.1,69.5,0.476,17.0,22.2,0.766,11.5,32.0,43.5,20.4,7.8,3.7,12.0,20.7,102.8,8.0,POR,33-49,16.0,25.6,62699372.0,-4020372.0,62599372.0,33048730.0,100000.0,1610612757.0,33.0
334,5.0,Oklahoma City Thunder,82,241.5,39.0,82.7,0.471,8.1,22.4,0.361,30.9,60.3,0.512,20.2,25.0,0.806,10.8,33.9,44.7,21.9,8.3,6.1,15.3,22.7,106.2,2013,12.0,82,241.5,36.4,83.4,0.436,8.6,24.0,0.358,27.8,59.4,0.468,18.4,25.4,0.727,11.0,30.0,40.9,21.8,8.2,3.6,15.2,20.4,99.8,21.0,OKC,60-22,15.0,26.1,70696313.0,-12017313.0,70488245.0,44876533.0,208068.0,1610612760.0,60.0
335,6.0,San Antonio Spurs,82,240.9,40.6,83.5,0.486,8.5,21.4,0.397,32.0,62.0,0.517,15.7,20.0,0.785,9.3,34.0,43.3,25.2,7.4,5.1,14.4,18.2,105.4,2013,6.0,82,240.9,37.8,85.1,0.444,6.5,18.3,0.353,31.3,66.8,0.469,15.7,20.6,0.76,10.5,31.7,42.2,20.4,7.7,4.6,13.9,19.3,97.6,11.0,SAS,58-24,15.0,28.2,63379810.0,-4700810.0,63171742.0,32861446.0,208068.0,1610612759.0,58.0
336,7.0,Phoenix Suns,82,240.9,38.7,83.5,0.463,9.3,25.1,0.372,29.4,58.4,0.503,18.5,24.4,0.758,11.3,31.7,43.0,19.1,8.4,4.6,15.3,21.9,105.2,2013,21.0,82,240.9,38.0,83.4,0.456,6.8,19.9,0.341,31.2,63.5,0.492,19.8,25.8,0.766,11.3,31.5,42.8,20.3,7.5,4.0,15.3,21.3,102.6,3.0,PHX,25-57,16.0,26.4,53785384.0,4893616.0,47314683.0,28387500.0,6470701.0,1610612756.0,25.0
337,8.0,Dallas Mavericks,82,241.8,39.6,83.6,0.474,8.8,22.9,0.384,30.8,60.7,0.508,16.8,21.1,0.795,10.2,30.7,40.9,23.6,8.6,4.3,13.5,20.0,104.8,2013,20.0,82,241.8,37.8,81.4,0.464,8.3,23.0,0.359,29.5,58.4,0.505,18.7,24.6,0.758,11.5,31.3,42.8,22.0,7.7,3.5,16.0,19.9,102.4,16.0,DAL,41-41,16.0,28.3,68057497.0,-9378497.0,68057497.0,40038177.0,0.0,1610612742.0,41.0
338,9.0,Denver Nuggets,82,240.9,38.4,85.9,0.447,8.6,23.9,0.358,29.8,62.0,0.481,19.1,26.3,0.726,12.3,33.1,45.4,22.4,7.5,5.6,15.9,23.0,104.4,2013,28.0,82,240.9,39.5,86.4,0.457,7.4,21.0,0.351,32.1,65.4,0.491,20.2,26.4,0.763,11.3,32.5,43.8,22.5,8.5,5.6,14.4,21.7,106.5,22.0,DEN,57-25,15.0,25.4,70830842.0,-12151842.0,65379734.0,31683442.0,0.0,1610612743.0,57.0
339,10.0,Golden State Warriors,82,241.8,39.5,85.4,0.462,9.4,24.8,0.38,30.0,60.6,0.496,15.9,21.1,0.753,10.9,34.4,45.3,23.3,7.8,5.0,15.2,21.8,104.3,2013,11.0,82,241.8,36.8,84.4,0.436,6.9,20.2,0.344,29.9,64.2,0.465,18.9,24.7,0.765,10.7,32.6,43.3,20.5,7.9,4.2,15.0,19.3,99.5,24.0,GSW,47-35,15.0,26.5,71406068.0,-12727068.0,71069466.0,40746632.0,336602.0,1610612744.0,47.0
340,11.0,Los Angeles Lakers,82,240.3,38.3,85.1,0.45,9.4,24.8,0.381,28.8,60.3,0.478,17.0,22.4,0.757,9.1,32.0,41.0,24.5,7.5,5.4,15.1,19.8,103.0,2013,29.0,82,240.3,42.0,89.6,0.468,8.1,22.5,0.361,33.8,67.2,0.504,17.2,23.7,0.727,13.0,36.0,49.0,25.8,9.6,4.7,14.2,19.3,109.2,28.0,LAL,45-37,16.0,27.8,84415826.0,-25736826.0,82184441.0,59040155.0,2231385.0,1610612747.0,45.0
341,12.0,Miami Heat,82,242.4,38.3,76.5,0.501,8.1,22.3,0.364,30.2,54.2,0.558,17.5,23.0,0.76,7.6,29.2,36.9,22.5,8.9,4.5,14.8,19.5,102.2,2013,5.0,82,242.4,36.1,79.0,0.457,8.5,23.4,0.362,27.6,55.6,0.497,16.8,22.3,0.75,10.8,29.5,40.3,21.4,8.1,3.1,16.7,20.4,97.4,27.0,MIA,66-16,16.0,30.3,80645920.0,-21966920.0,80541886.0,56808000.0,104034.0,1610612748.0,66.0
342,13.0,Toronto Raptors,82,243.4,36.5,81.9,0.445,8.7,23.4,0.372,27.8,58.5,0.475,19.6,25.1,0.782,11.4,31.1,42.5,21.2,7.0,4.2,14.1,23.0,101.3,2013,7.0,82,243.4,36.1,80.2,0.45,6.9,19.2,0.36,29.1,60.9,0.478,19.0,25.3,0.752,10.4,30.5,41.0,21.0,7.3,4.3,14.9,22.1,98.0,18.0,TOR,34-48,16.0,26.4,68635923.0,-9956923.0,63206362.0,23583000.0,5429561.0,1610612761.0,34.0
343,14.0,Atlanta Hawks,82,241.8,37.3,81.6,0.458,9.4,25.8,0.363,28.0,55.8,0.502,17.0,21.7,0.781,8.7,31.3,40.0,24.9,8.3,4.0,15.3,19.2,101.0,2013,16.0,82,241.8,38.6,83.5,0.462,8.0,21.9,0.365,30.6,61.6,0.497,16.4,21.9,0.748,10.8,32.8,43.5,23.2,8.2,4.3,15.2,20.0,101.5,6.0,ATL,44-38,15.0,26.7,58477559.0,201441.0,55517146.0,29500000.0,2960413.0,1610612737.0,44.0
344,15.0,Detroit Pistons,82,241.2,38.8,86.9,0.447,6.2,19.3,0.321,32.6,67.6,0.483,17.3,25.7,0.67,14.6,30.8,45.4,20.9,8.4,4.8,14.5,20.3,101.0,2013,27.0,82,241.2,39.1,83.2,0.47,8.3,22.8,0.365,30.8,60.3,0.51,18.1,24.0,0.756,11.1,31.9,43.0,24.4,8.2,4.9,15.0,20.7,104.7,7.0,DET,29-53,15.0,25.6,61897253.0,-3218253.0,61897253.0,30580000.0,0.0,1610612765.0,29.0
345,16.0,Washington Wizards,82,244.6,38.7,84.4,0.459,7.9,20.8,0.38,30.9,63.6,0.485,15.3,20.9,0.731,10.8,31.4,42.2,23.3,8.1,4.6,14.7,20.4,100.7,2013,8.0,82,244.6,37.0,80.9,0.458,7.5,21.5,0.347,29.6,59.4,0.498,17.8,23.3,0.765,10.1,32.1,42.2,22.2,7.7,3.9,16.0,19.5,99.4,19.0,WAS,29-53,16.0,26.9,70301084.0,-11622084.0,63807197.0,28454560.0,6493887.0,1610612764.0,29.0
346,17.0,Sacramento Kings,82,241.8,36.9,82.5,0.447,6.0,18.0,0.333,30.9,64.5,0.479,20.7,27.3,0.759,12.1,32.4,44.5,18.9,7.2,3.9,15.2,22.5,100.5,2013,24.0,82,241.8,37.8,82.1,0.461,8.5,22.4,0.38,29.4,59.8,0.491,19.2,26.1,0.737,9.9,31.3,41.2,23.5,7.8,5.6,13.6,23.1,103.4,10.0,SAC,28-54,15.0,26.0,62881623.0,-4202623.0,58206752.0,30032682.0,4674871.0,1610612758.0,28.0
347,18.0,New Orleans Pelicans,82,242.1,37.8,82.5,0.459,5.9,15.9,0.373,31.9,66.6,0.479,18.2,23.6,0.769,11.4,30.3,41.7,21.3,7.9,6.4,13.8,22.6,99.7,2013,19.0,82,242.1,37.3,80.1,0.465,8.0,22.3,0.357,29.3,57.8,0.507,20.0,26.5,0.752,10.7,31.0,41.7,22.5,7.0,6.1,14.5,20.3,102.4,14.0,NOP,27-55,16.0,24.8,66438200.0,-7759200.0,62235672.0,35793575.0,4202528.0,1610612740.0,27.0
348,19.0,Philadelphia 76ers,82,242.1,37.9,87.2,0.435,7.0,22.5,0.312,30.9,64.7,0.477,16.6,23.4,0.71,11.6,31.2,42.7,21.8,9.3,4.0,16.9,22.5,99.5,2013,30.0,82,242.1,40.0,85.1,0.471,9.0,24.4,0.37,31.0,60.7,0.511,20.8,27.6,0.754,11.9,35.0,46.9,26.1,9.0,6.8,17.0,20.6,109.9,2.0,PHI,34-48,14.0,23.6,53780843.0,4898157.0,27287899.0,18226570.0,26492944.0,1610612755.0,34.0
349,20.0,New York Knicks,82,242.1,36.9,82.2,0.449,9.3,24.9,0.372,27.7,57.3,0.482,15.5,20.4,0.761,10.6,29.7,40.3,20.0,7.7,4.5,13.0,22.1,98.6,2013,9.0,82,242.1,35.8,78.1,0.458,8.7,23.4,0.371,27.1,54.6,0.496,19.1,25.0,0.765,10.3,31.7,42.0,19.7,6.3,3.4,14.5,19.6,99.4,29.0,NYK,54-28,15.0,28.3,88277907.0,-29598907.0,85994825.0,57419383.0,2283082.0,1610612752.0,54.0
350,21.0,Brooklyn Nets,82,242.4,35.7,77.9,0.459,8.6,23.4,0.369,27.1,54.5,0.497,18.4,24.4,0.753,8.8,29.4,38.1,20.9,8.6,3.8,14.5,21.7,98.5,2013,10.0,82,242.4,36.3,79.4,0.458,8.1,22.0,0.367,28.3,57.4,0.492,18.8,24.7,0.76,11.2,31.6,42.9,21.0,7.4,4.1,15.8,20.8,99.5,30.0,BKN,49-33,15.0,28.3,102928076.0,-44249076.0,102766374.0,55266182.0,161702.0,1610612751.0,49.0
351,22.0,Cleveland Cavaliers,82,243.0,37.0,84.8,0.437,7.1,20.0,0.356,29.9,64.8,0.461,17.0,22.7,0.751,12.1,32.1,44.1,21.2,7.1,3.7,14.2,20.0,98.2,2013,15.0,82,243.0,37.8,83.5,0.452,9.3,25.4,0.367,28.4,58.1,0.49,16.6,22.0,0.757,10.3,32.3,42.5,24.8,7.2,5.6,14.0,19.5,101.5,13.0,CLE,24-58,15.0,24.3,66179320.0,-7500320.0,66063984.0,29911364.0,115336.0,1610612739.0,24.0
352,23.0,Charlotte Bobcats,82,242.7,36.3,82.1,0.442,6.3,17.9,0.351,30.0,64.1,0.468,18.0,24.4,0.737,9.5,33.2,42.7,21.7,6.1,5.1,12.3,18.2,96.9,2013,4.0,82,242.7,36.9,83.4,0.442,8.1,22.0,0.369,28.7,61.4,0.468,15.3,20.1,0.759,9.6,33.7,43.3,21.0,6.3,5.1,13.3,20.9,97.1,,,,,,,,,,0.0,,
353,24.0,Indiana Pacers,82,241.2,36.0,80.2,0.449,6.7,18.8,0.357,29.3,61.4,0.477,18.1,23.3,0.779,10.2,34.5,44.7,20.1,6.7,5.4,15.1,20.4,96.7,2013,2.0,82,241.2,34.8,82.7,0.42,6.6,19.0,0.345,28.2,63.7,0.443,16.3,21.6,0.755,10.4,30.7,41.2,18.6,7.2,4.6,13.7,21.9,92.3,15.0,IND,49-32,15.0,27.2,67428228.0,-8749228.0,65850484.0,34283844.0,788872.0,1610612754.0,49.0
354,25.0,Orlando Magic,82,243.4,36.9,82.7,0.445,6.9,19.5,0.353,30.0,63.3,0.474,15.9,20.9,0.763,9.7,32.4,42.0,21.0,7.7,4.3,14.9,20.5,96.5,2013,17.0,82,243.4,38.1,83.7,0.456,8.0,21.7,0.371,30.1,62.0,0.485,17.7,22.9,0.77,10.5,33.5,44.0,22.5,7.1,5.4,14.0,18.3,102.0,1.0,ORL,20-62,14.0,25.2,53516731.0,5162269.0,34022974.0,20863760.0,19493757.0,1610612753.0,20.0
355,26.0,Boston Celtics,82,240.6,36.5,83.9,0.435,7.0,21.1,0.333,29.5,62.9,0.47,16.2,20.8,0.777,12.0,30.5,42.5,21.0,7.1,4.2,15.4,21.3,96.2,2013,13.0,82,240.6,37.8,81.4,0.465,6.6,18.9,0.347,31.2,62.5,0.5,18.5,24.3,0.761,10.6,31.7,42.3,22.1,7.4,4.5,14.2,19.1,100.7,20.0,BOS,41-40,15.0,25.9,70644150.0,-11965150.0,69955361.0,34060430.0,688789.0,1610612738.0,41.0
356,27.0,Memphis Grizzlies,82,241.5,38.1,82.0,0.464,4.9,14.0,0.353,33.1,68.0,0.487,15.1,20.3,0.741,11.6,30.8,42.4,21.9,7.7,4.6,13.7,19.1,96.1,2013,3.0,82,241.5,35.7,79.3,0.45,7.5,21.1,0.355,28.2,58.2,0.484,15.8,20.6,0.766,9.9,29.3,39.2,19.9,7.2,5.0,14.2,18.9,94.6,25.0,MEM,56-26,15.0,27.5,72778550.0,-14099550.0,71361909.0,41698857.0,532348.0,1610612763.0,56.0
357,28.0,Milwaukee Bucks,82,242.4,36.0,82.2,0.438,6.7,18.9,0.353,29.3,63.2,0.464,16.8,22.5,0.747,11.8,29.3,41.1,21.5,6.6,4.9,15.1,20.9,95.5,2013,25.0,82,242.4,38.4,82.0,0.468,8.5,22.3,0.382,29.9,59.7,0.5,18.4,24.5,0.751,11.7,31.8,43.5,22.8,7.8,5.0,14.1,20.6,103.7,4.0,MIL,38-44,16.0,25.5,54229524.0,4449476.0,47079048.0,21100000.0,7150476.0,1610612749.0,38.0
358,29.0,Utah Jazz,82,241.2,36.0,81.1,0.444,6.6,19.2,0.344,29.4,61.9,0.474,16.4,22.0,0.747,11.0,30.2,41.2,20.3,7.0,4.5,14.6,20.7,95.0,2013,18.0,82,241.2,38.3,81.0,0.473,7.3,19.4,0.376,31.0,61.6,0.503,18.3,23.7,0.773,10.3,32.2,42.5,21.8,7.5,4.9,12.6,20.4,102.2,5.0,UTA,43-39,15.0,24.7,57426670.0,1252330.0,47893335.0,24554196.0,9533335.0,1610612762.0,43.0
359,30.0,Chicago Bulls,82,243.0,34.7,80.2,0.432,6.2,17.8,0.348,28.5,62.4,0.456,18.1,23.3,0.779,11.4,32.7,44.1,22.7,7.2,5.2,14.9,19.1,93.7,2013,1.0,82,243.0,35.0,81.2,0.43,6.6,18.7,0.351,28.4,62.5,0.454,15.3,20.3,0.753,10.7,30.6,41.3,19.6,7.6,6.0,14.4,20.9,91.8,23.0,CHI,45-37,15.0,28.7,71073626.0,-12394626.0,63312273.0,44032688.0,7761353.0,1610612741.0,45.0
360,1.0,Milwaukee Bucks,82,241.2,43.4,91.1,0.476,13.5,38.2,0.353,29.9,52.9,0.565,17.9,23.2,0.773,9.3,40.4,49.7,26.0,7.5,5.9,13.9,19.6,118.1,2018,11.0,82,241.2,40.5,93.5,0.433,13.1,36.3,0.361,27.4,57.2,0.479,15.1,20.7,0.733,9.9,35.4,45.3,24.8,6.8,4.8,13.4,20.2,109.3,18.0,MIL,44-38,15.0,27.2,123913271.0,-22044271.0,114955757.0,58157303.0,7412563.0,1610612749.0,44.0
361,2.0,Golden State Warriors,82,241.5,44.0,89.8,0.491,13.3,34.4,0.385,30.8,55.3,0.557,16.3,20.4,0.801,9.7,36.5,46.2,29.4,7.6,6.4,14.3,21.4,117.7,2018,16.0,82,241.5,40.4,91.1,0.444,11.6,33.6,0.347,28.8,57.5,0.5,18.7,24.2,0.773,10.8,33.5,44.3,24.3,7.7,3.6,13.5,19.5,111.2,30.0,GSW,58-24,15.0,27.5,154587831.0,-52718831.0,144354753.0,86445879.0,945126.0,1610612744.0,58.0
362,3.0,New Orleans Pelicans,82,240.9,43.7,92.2,0.473,10.3,29.9,0.344,33.4,62.4,0.536,17.8,23.4,0.761,11.1,36.2,47.3,27.0,7.4,5.4,14.8,21.1,115.4,2018,27.0,82,240.9,43.3,92.8,0.466,12.3,33.7,0.364,31.0,59.1,0.525,17.9,23.5,0.764,11.0,34.8,45.8,26.5,8.6,5.4,13.6,21.0,116.8,10.0,NOP,48-34,15.0,24.9,116073210.0,-14204210.0,98806475.0,63663302.0,15721784.0,1610612740.0,48.0
363,4.0,Philadelphia 76ers,82,241.5,41.5,88.2,0.471,10.8,30.2,0.359,30.7,58.0,0.529,21.2,27.5,0.771,10.9,36.9,47.8,26.9,7.4,5.3,14.9,21.3,115.2,2018,19.0,82,241.5,41.7,91.5,0.455,10.3,30.0,0.342,31.4,61.5,0.511,18.8,24.5,0.768,10.0,33.5,43.5,23.4,7.7,4.1,12.7,22.1,112.5,7.0,PHI,52-30,15.0,26.1,111962081.0,-10093081.0,107554205.0,60713029.0,4407876.0,1610612755.0,52.0
364,5.0,Los Angeles Clippers,82,241.8,41.3,87.5,0.471,10.0,25.8,0.388,31.3,61.7,0.507,22.6,28.5,0.792,9.7,35.8,45.5,24.0,6.8,4.7,14.5,23.3,115.1,2018,25.0,82,241.8,41.7,91.3,0.457,10.4,30.2,0.343,31.4,61.1,0.513,20.5,26.3,0.777,11.3,34.5,45.7,24.1,8.3,6.1,13.2,24.0,114.3,13.0,LAC,42-40,14.0,25.8,118570700.0,-16701700.0,83224562.0,42388141.0,35346138.0,1610612746.0,42.0
365,6.0,Portland Trail Blazers,82,242.1,42.3,90.6,0.467,11.0,30.7,0.359,31.3,59.8,0.523,19.0,23.3,0.814,11.8,36.2,48.0,23.0,6.7,5.0,13.8,20.4,114.7,2018,14.0,82,242.1,41.1,90.0,0.457,10.7,29.8,0.359,30.4,60.3,0.505,17.5,22.8,0.77,10.3,32.6,42.8,23.2,7.4,5.1,12.4,20.7,110.5,27.0,POR,49-33,15.0,24.9,133096018.0,-31227018.0,128004910.0,71606307.0,5091108.0,1610612757.0,49.0
366,7.0,Oklahoma City Thunder,82,242.1,42.6,94.0,0.454,11.4,32.6,0.348,31.3,61.3,0.51,17.8,25.0,0.713,12.6,35.5,48.1,23.4,9.3,5.2,14.0,22.4,114.5,2018,15.0,82,242.1,40.8,88.7,0.46,11.2,31.6,0.356,29.5,57.1,0.517,18.3,24.0,0.761,9.9,35.8,45.7,24.9,8.2,5.1,16.7,22.5,111.1,28.0,OKC,48-34,14.0,25.6,147471767.0,-45602767.0,138162052.0,90372153.0,4707212.0,1610612760.0,48.0
367,8.0,Toronto Raptors,82,242.4,42.2,89.1,0.474,12.4,33.8,0.366,29.8,55.3,0.539,17.7,22.0,0.804,9.6,35.6,45.2,25.4,8.3,5.3,14.0,21.0,114.4,2018,9.0,82,242.4,40.3,89.7,0.449,10.8,31.2,0.345,29.5,58.5,0.505,17.1,22.3,0.765,10.6,34.2,44.8,24.5,7.6,4.5,14.9,20.5,108.4,29.0,TOR,59-23,15.0,27.1,149687828.0,-47818828.0,135460496.0,79933091.0,1970916.0,1610612761.0,59.0
368,9.0,Sacramento Kings,82,240.6,43.2,93.1,0.464,11.3,29.9,0.378,31.9,63.2,0.504,16.5,22.7,0.726,11.0,34.4,45.4,25.4,8.3,4.4,13.4,21.4,114.2,2018,26.0,82,240.6,42.3,90.6,0.466,12.0,34.6,0.348,30.2,56.0,0.54,18.8,24.4,0.77,11.2,36.8,48.0,24.7,7.5,5.1,15.9,21.4,115.3,3.0,SAC,27-55,15.0,24.7,104038467.0,-2169467.0,92249525.0,45330217.0,11788942.0,1610612758.0,27.0
369,10.0,Washington Wizards,82,243.0,42.1,90.1,0.468,11.3,33.3,0.341,30.8,56.8,0.543,18.4,23.9,0.768,9.7,32.7,42.4,26.3,8.3,4.6,14.1,20.7,114.0,2018,29.0,82,243.0,43.4,90.5,0.48,12.1,32.8,0.37,31.3,57.7,0.542,18.0,23.1,0.778,11.4,35.8,47.3,26.2,7.7,4.6,15.8,21.2,116.9,24.0,WAS,43-39,15.0,26.3,126590911.0,-24721911.0,115804428.0,64604063.0,7696581.0,1610612764.0,43.0
370,11.0,Houston Rockets,82,241.8,39.2,87.4,0.449,16.1,45.4,0.356,23.1,42.0,0.551,19.3,24.4,0.791,10.2,31.9,42.1,21.2,8.5,4.9,13.3,22.0,113.9,2018,10.0,82,241.8,40.4,86.7,0.466,10.1,29.8,0.34,30.3,56.9,0.532,18.2,23.7,0.768,11.0,34.5,45.4,23.5,7.4,4.5,15.0,20.0,109.1,26.0,HOU,65-17,15.0,27.0,128871987.0,-27002987.0,120917793.0,79869107.0,1017401.0,1610612745.0,65.0
371,12.0,Atlanta Hawks,82,242.1,41.4,91.8,0.451,13.0,37.0,0.352,28.4,54.8,0.518,17.6,23.4,0.752,11.6,34.5,46.1,25.8,8.2,5.1,17.0,23.6,113.3,2018,30.0,82,242.1,42.8,90.5,0.473,12.4,34.4,0.359,30.4,56.1,0.543,21.5,28.3,0.758,10.6,35.4,46.0,26.9,9.9,5.5,15.0,22.2,119.4,2.0,ATL,24-58,15.0,25.0,103572575.0,-1703575.0,62166838.0,37789887.0,41405737.0,1610612737.0,24.0
372,13.0,Minnesota Timberwolves,82,241.8,41.6,91.3,0.456,10.1,28.7,0.351,31.5,62.5,0.504,19.1,24.3,0.787,11.3,33.5,44.8,24.6,8.3,5.0,13.1,20.3,112.5,2018,23.0,82,241.8,42.1,90.1,0.467,12.7,33.6,0.378,29.4,56.5,0.52,17.1,22.3,0.767,11.2,34.4,45.6,26.2,6.6,5.5,14.7,21.9,114.0,15.0,MIN,47-35,16.0,26.9,121862669.0,-19993669.0,117381186.0,59638037.0,2966936.0,1610612750.0,47.0
373,14.0,Boston Celtics,82,241.2,42.1,90.5,0.465,12.6,34.5,0.365,29.5,56.0,0.527,15.6,19.5,0.802,9.8,34.7,44.5,26.3,8.6,5.3,12.8,20.4,112.4,2018,8.0,82,241.2,39.5,88.1,0.448,11.5,33.5,0.344,28.0,54.6,0.513,17.4,22.8,0.764,10.4,35.5,45.9,23.7,6.8,3.9,15.1,19.5,108.0,25.0,BOS,55-27,15.0,25.8,128794955.0,-26925955.0,125326738.0,80242192.0,178315.0,1610612738.0,55.0
374,15.0,Brooklyn Nets,82,243.7,40.3,89.7,0.449,12.8,36.2,0.353,27.5,53.6,0.513,19.0,25.5,0.745,11.0,35.6,46.6,23.8,6.6,4.1,15.1,21.5,112.2,2018,18.0,82,243.7,42.2,92.5,0.456,10.3,30.3,0.341,31.9,62.1,0.513,17.6,22.8,0.77,11.0,35.2,46.2,23.7,7.8,5.3,13.5,22.0,112.3,11.0,BKN,28-54,15.0,25.1,117571620.0,-15702620.0,77805720.0,43430000.0,39765900.0,1610612751.0,28.0
375,16.0,Los Angeles Lakers,82,241.2,42.6,90.5,0.47,10.3,31.0,0.333,32.2,59.6,0.541,16.3,23.3,0.699,10.2,36.4,46.6,25.6,7.5,5.4,15.7,20.7,111.8,2018,21.0,82,241.2,41.9,92.8,0.452,11.8,34.0,0.349,30.1,58.9,0.511,17.8,22.7,0.784,11.3,35.6,46.9,25.0,8.3,5.1,14.2,20.8,113.5,4.0,LAL,35-47,15.0,25.8,105333698.0,-3464698.0,90827159.0,56654150.0,14506539.0,1610612747.0,35.0
376,17.0,San Antonio Spurs,82,241.5,42.3,88.4,0.478,9.9,25.3,0.392,32.4,63.1,0.513,17.2,21.0,0.819,9.2,35.5,44.7,24.5,6.1,4.7,12.1,18.1,111.7,2018,12.0,82,241.5,41.5,89.7,0.463,11.7,32.7,0.359,29.8,57.0,0.522,15.2,20.2,0.755,9.2,34.7,43.9,24.7,7.2,4.0,12.2,19.6,110.0,22.0,SAS,47-35,15.0,26.5,126132717.0,-24263717.0,101438941.0,61658419.0,20306394.0,1610612759.0,47.0
377,18.0,Utah Jazz,82,240.9,40.4,86.4,0.468,12.1,34.0,0.356,28.3,52.4,0.541,18.8,25.5,0.736,10.0,36.4,46.4,26.0,8.1,5.9,15.1,21.1,111.7,2018,4.0,82,240.9,40.0,88.5,0.452,9.8,27.7,0.355,30.1,60.7,0.496,16.7,22.2,0.753,8.9,33.7,42.6,21.6,8.5,4.6,13.9,22.4,106.5,9.0,UTA,48-34,15.0,26.8,114837858.0,-12968858.0,113394016.0,55366573.0,0.0,1610612762.0,48.0
378,19.0,Denver Nuggets,82,240.6,41.9,90.0,0.466,11.0,31.4,0.351,30.9,58.7,0.527,15.8,20.9,0.755,11.9,34.5,46.4,27.4,7.7,4.4,13.4,20.0,110.7,2018,6.0,82,240.6,39.6,86.4,0.458,10.8,31.9,0.339,28.8,54.5,0.528,16.7,22.2,0.753,9.7,32.7,42.5,24.6,7.4,5.0,13.5,20.4,106.7,14.0,DEN,46-36,15.0,24.2,119128560.0,-17259560.0,117237539.0,71215876.0,346070.0,1610612743.0,46.0
379,20.0,Charlotte Hornets,82,241.8,40.2,89.8,0.448,11.9,33.9,0.351,28.3,55.8,0.507,18.4,23.1,0.797,9.9,33.9,43.8,23.2,7.2,4.9,12.2,18.9,110.7,2018,17.0,82,241.8,41.9,89.2,0.47,12.1,33.5,0.361,29.8,55.6,0.536,15.9,20.2,0.787,10.1,35.7,45.8,26.0,6.9,6.0,13.5,20.6,111.8,20.0,CHA,36-46,15.0,25.8,124672166.0,-22803166.0,121810182.0,55087500.0,0.0,1610612766.0,36.0
380,21.0,Dallas Mavericks,82,241.2,38.8,86.9,0.447,12.5,36.6,0.34,26.3,50.2,0.524,18.8,25.3,0.742,10.1,35.2,45.3,23.4,6.5,4.3,14.2,20.1,108.9,2018,13.0,82,241.2,40.9,89.2,0.459,11.2,32.5,0.344,29.7,56.7,0.525,17.1,22.0,0.777,10.2,34.6,44.8,24.5,7.8,4.5,13.0,23.2,110.1,1.0,DAL,24-58,15.0,27.3,87760060.0,14108940.0,73673600.0,41085157.0,14086460.0,1610612742.0,24.0
381,22.0,Indiana Pacers,82,240.3,41.3,87.0,0.475,9.5,25.4,0.374,31.8,61.6,0.517,15.8,21.1,0.752,9.3,33.7,43.0,26.0,8.7,4.9,13.7,19.4,108.0,2018,1.0,82,240.3,38.7,86.1,0.45,11.4,32.1,0.354,27.4,54.0,0.507,15.8,21.0,0.756,10.5,33.1,43.7,24.5,7.4,5.2,15.7,20.0,104.7,6.0,IND,48-34,15.0,25.9,110579462.0,-8710462.0,99581987.0,47164045.0,10997475.0,1610612754.0,48.0
382,23.0,Phoenix Suns,82,242.4,40.1,87.4,0.459,9.6,29.3,0.329,30.5,58.1,0.525,17.6,22.7,0.779,9.1,31.3,40.4,23.9,9.0,5.1,15.6,23.6,107.5,2018,28.0,82,242.4,42.5,88.2,0.482,11.1,29.9,0.372,31.3,58.2,0.538,20.8,27.6,0.753,11.8,35.3,47.2,25.9,9.0,5.0,15.7,20.7,116.8,5.0,PHX,21-61,15.0,24.1,108453793.0,-6584793.0,68854080.0,39160530.0,39599713.0,1610612756.0,21.0
383,24.0,Orlando Magic,82,241.2,40.4,89.1,0.454,11.4,32.1,0.356,29.0,57.0,0.509,15.0,19.2,0.782,10.0,35.4,45.4,25.5,6.6,5.4,13.2,18.6,107.3,2018,5.0,82,241.2,39.9,87.6,0.456,10.5,30.2,0.347,29.5,57.4,0.513,16.3,20.9,0.778,9.0,35.6,44.6,23.1,7.0,4.4,13.0,18.7,106.6,12.0,ORL,25-57,15.0,25.0,117760938.0,-15891938.0,112686749.0,54590909.0,1984287.0,1610612753.0,25.0
384,25.0,Detroit Pistons,82,242.1,38.8,88.3,0.44,12.1,34.8,0.348,26.7,53.5,0.5,17.3,23.1,0.747,11.4,33.6,45.0,22.5,6.9,4.0,13.8,22.1,107.0,2018,7.0,82,242.1,39.9,85.0,0.469,9.6,27.8,0.345,30.3,57.2,0.53,17.9,23.7,0.755,9.1,34.6,43.7,23.7,6.9,5.1,14.1,21.3,107.3,21.0,DET,39-43,15.0,26.5,124996010.0,-23127010.0,116292254.0,74566673.0,7189209.0,1610612765.0,39.0
385,26.0,Miami Heat,82,240.6,39.6,88.0,0.45,11.3,32.4,0.349,28.3,55.6,0.509,15.1,21.7,0.695,11.2,35.1,46.3,24.3,7.6,5.5,14.7,20.9,105.7,2018,2.0,82,240.6,38.3,86.8,0.441,11.9,33.1,0.358,26.4,53.6,0.493,17.5,22.7,0.769,10.1,34.0,44.2,23.3,7.5,4.7,14.1,20.1,105.9,23.0,MIA,44-38,15.0,27.3,126261568.0,-24392568.0,122642402.0,63964984.0,473695.0,1610612748.0,44.0
386,27.0,Chicago Bulls,82,242.7,39.8,87.9,0.453,9.1,25.9,0.351,30.7,62.0,0.496,16.2,20.7,0.783,8.8,34.1,42.9,21.9,7.4,4.3,14.1,20.3,104.9,2018,20.0,82,242.7,42.2,89.2,0.473,12.1,33.0,0.365,30.2,56.2,0.537,16.8,22.0,0.763,10.0,36.4,46.4,25.5,7.3,5.8,13.3,18.7,113.4,8.0,CHI,27-55,15.0,23.6,112014084.0,-10145084.0,93010122.0,59869663.0,19003962.0,1610612741.0,27.0
387,28.0,New York Knicks,82,241.2,38.2,88.3,0.433,10.0,29.5,0.34,28.2,58.8,0.479,18.1,23.9,0.759,10.5,34.3,44.7,20.1,6.8,5.1,14.0,20.9,104.6,2018,22.0,82,241.2,41.9,89.7,0.467,11.8,32.6,0.363,30.1,57.1,0.527,18.2,23.8,0.766,10.7,36.8,47.5,25.6,7.4,5.6,13.2,20.8,113.8,16.0,NYK,29-53,15.0,23.6,123265800.0,-21396800.0,62775458.0,36516850.0,60490342.0,1610612752.0,29.0
388,29.0,Cleveland Cavaliers,82,240.9,38.9,87.6,0.444,10.3,29.1,0.355,28.6,58.5,0.488,16.4,20.7,0.792,10.7,31.9,42.7,20.7,6.5,2.4,13.5,20.0,104.5,2018,24.0,82,240.9,43.2,87.2,0.495,12.0,31.6,0.38,31.2,55.6,0.561,15.8,20.5,0.77,9.5,34.6,44.1,25.7,6.9,5.6,12.5,19.4,114.1,17.0,CLE,50-32,15.0,26.1,123699800.0,-21830800.0,122179119.0,56308590.0,1520681.0,1610612739.0,50.0
389,30.0,Memphis Grizzlies,82,242.4,38.0,84.4,0.45,9.9,28.9,0.342,28.1,55.6,0.505,17.7,23.0,0.772,8.8,33.0,41.8,23.9,8.3,5.5,14.0,22.0,103.5,2018,3.0,82,242.4,37.6,83.4,0.451,11.6,32.2,0.36,26.0,51.2,0.508,19.3,24.7,0.784,9.5,35.2,44.7,23.4,7.6,4.9,15.2,21.4,106.1,19.0,MEM,22-60,16.0,26.1,124214557.0,-22345557.0,119619058.0,71167699.0,2419239.0,1610612763.0,22.0
